memberNumber,response,Random_response,adaBoost_response,cluster,SVM_response,total_response
1000,no,no,no,1,no,0
1001,no,no,no,1,no,0
1002,no,no,no,1,no,0
1003,no,no,no,2,no,0
1004,yes,no,no,1,no,0
1005,no,no,no,2,no,0
1006,yes,yes,yes,1,no,1
1008,no,no,no,1,no,0
1009,no,no,no,1,no,0
1010,no,no,no,1,no,0
1011,yes,no,yes,1,no,1
1012,no,no,no,1,no,0
1013,no,no,no,1,no,0
1014,no,no,no,1,no,0
1015,no,no,no,2,no,0
1016,yes,no,no,4,no,0
1017,no,no,no,1,no,0
1018,yes,no,no,1,yes,1
1019,no,no,no,2,no,0
1020,no,no,no,1,no,0
1021,yes,no,no,1,no,0
1022,no,no,no,2,no,0
1023,no,no,no,1,yes,1
1024,no,no,no,2,no,0
1025,no,no,no,4,yes,1
1026,no,no,no,1,no,0
1027,yes,yes,yes,1,no,1
1028,no,no,no,1,no,0
1029,no,no,no,4,yes,1
1031,no,no,no,4,yes,1
1032,no,no,no,1,no,0
1033,no,no,no,1,no,0
1034,yes,yes,yes,2,no,1
1035,no,no,no,1,no,0
1036,no,no,no,2,no,0
1037,yes,yes,yes,1,no,1
1038,no,yes,yes,1,yes,1
1039,no,no,no,2,yes,1
1040,no,no,no,1,no,0
1041,no,no,yes,1,yes,1
1042,no,no,no,2,no,0
1043,no,no,no,2,no,0
1044,no,no,no,4,no,0
1045,yes,yes,yes,1,no,1
1046,no,no,no,2,no,0
1047,no,no,no,2,no,0
1048,yes,yes,yes,2,no,1
1049,yes,no,no,4,yes,1
1050,no,no,yes,1,no,1
1051,yes,no,no,1,no,0
1052,no,no,no,1,yes,1
1053,no,yes,yes,1,no,1
1054,no,no,no,1,no,0
1055,no,no,no,2,no,0
1056,no,no,no,4,no,0
1057,no,no,no,2,no,0
1058,no,no,no,1,no,0
1059,no,no,no,2,no,0
1061,no,no,no,1,yes,1
1062,yes,no,no,1,no,0
1063,no,no,no,2,no,0
1064,yes,no,no,2,no,0
1065,no,no,no,1,yes,1
1066,no,no,no,4,no,0
1067,no,no,no,1,no,0
1068,no,no,no,2,no,0
1069,yes,no,no,1,no,0
1070,no,no,no,4,no,0
1071,no,no,no,2,no,0
1072,yes,yes,yes,4,yes,1
1073,yes,no,no,1,no,0
1074,no,no,no,4,yes,1
1075,no,no,no,1,no,0
1076,no,no,no,1,yes,1
1077,no,no,no,1,no,0
1078,no,no,no,1,no,0
1079,no,no,no,1,no,0
1080,no,no,no,2,no,0
1081,no,no,no,1,no,0
1082,no,no,no,2,no,0
1083,no,no,no,2,no,0
1084,no,no,no,4,no,0
1085,no,no,no,1,no,0
1086,yes,no,no,1,yes,1
1087,yes,no,no,1,no,0
1088,yes,no,no,1,no,0
1089,no,no,no,2,no,0
1090,no,no,no,1,yes,1
1092,yes,no,no,1,yes,1
1093,no,no,no,2,no,0
1094,no,no,no,1,yes,1
1095,yes,yes,yes,1,no,1
1096,no,no,no,2,no,0
1097,yes,yes,yes,1,yes,1
1098,no,no,no,1,no,0
1099,no,no,no,2,no,0
1100,no,no,no,2,no,0
1101,no,no,no,2,no,0
1102,no,no,no,4,yes,1
1103,yes,no,no,1,yes,1
1104,no,no,no,1,no,0
1105,no,no,no,2,no,0
1107,no,no,no,1,yes,1
1108,yes,yes,yes,1,no,1
1109,yes,no,no,1,no,0
1110,no,no,no,1,yes,1
1111,no,no,no,1,no,0
1112,no,no,no,2,no,0
1113,no,no,no,1,yes,1
1114,no,no,no,1,no,0
1115,no,no,no,2,no,0
1116,no,no,no,1,no,0
1117,no,no,no,2,yes,1
1118,no,no,no,1,no,0
1119,no,no,no,2,yes,1
1120,no,yes,yes,1,no,1
1121,no,no,no,4,no,0
1122,no,no,no,1,no,0
1123,no,no,no,1,no,0
1124,no,no,no,2,no,0
1125,yes,yes,yes,1,no,1
1126,no,no,no,1,no,0
1127,yes,no,no,1,no,0
1128,no,no,no,1,no,0
1129,no,no,no,1,no,0
1130,no,no,no,1,no,0
1132,yes,yes,yes,1,no,1
1133,yes,yes,yes,1,no,1
1134,no,no,no,4,no,0
1135,no,yes,yes,1,no,1
1136,no,no,yes,1,no,1
1137,no,no,no,4,yes,1
1138,no,no,no,2,no,0
1139,no,no,no,4,no,0
1140,yes,yes,yes,4,yes,1
1141,no,no,no,2,no,0
1142,no,yes,yes,1,yes,1
1143,yes,yes,yes,1,no,1
1144,yes,no,no,1,yes,1
1145,no,yes,no,1,no,1
1146,yes,yes,yes,1,yes,1
1147,no,no,no,2,no,0
1148,yes,yes,yes,1,yes,1
1149,no,no,no,1,no,0
1150,yes,no,no,1,no,0
1151,no,no,no,4,yes,1
1152,no,no,no,2,no,0
1153,yes,no,no,1,no,0
1154,no,yes,yes,1,no,1
1155,no,no,no,1,no,0
1156,no,no,yes,4,yes,1
1157,yes,no,no,4,no,0
1158,no,no,no,1,no,0
1159,no,no,no,2,no,0
1160,yes,yes,yes,1,yes,1
1161,no,no,no,2,no,0
1162,yes,yes,yes,1,no,1
1163,no,no,no,1,no,0
1164,no,no,no,2,no,0
1165,no,no,no,1,no,0
1166,no,no,no,2,no,0
1167,no,no,no,4,no,0
1168,no,no,no,4,no,0
1169,yes,yes,yes,1,no,1
1170,no,no,no,1,yes,1
1171,yes,yes,yes,1,no,1
1173,no,no,no,1,no,0
1174,no,no,no,1,no,0
1175,yes,no,no,1,no,0
1176,no,no,no,1,no,0
1177,yes,no,yes,4,no,1
1178,no,no,no,4,no,0
1179,no,no,no,2,no,0
1180,no,no,no,2,no,0
1181,yes,no,no,1,no,0
1182,yes,no,no,1,no,0
1183,no,no,no,1,no,0
1184,no,no,no,2,yes,1
1185,yes,yes,yes,1,no,1
1186,yes,yes,yes,1,no,1
1187,no,no,no,1,no,0
1188,no,no,no,2,no,0
1189,no,no,no,4,no,0
1190,no,no,no,1,yes,1
1191,yes,no,no,2,no,0
1192,no,no,no,2,no,0
1193,no,no,no,2,no,0
1194,yes,yes,yes,1,yes,1
1195,yes,no,no,4,yes,1
1196,no,no,no,1,no,0
1197,no,no,no,1,no,0
1198,no,no,no,2,no,0
1199,yes,yes,yes,1,no,1
1200,no,no,no,1,no,0
1201,no,no,no,2,no,0
1202,yes,yes,yes,1,no,1
1204,no,no,no,1,no,0
1205,no,yes,yes,1,no,1
1206,no,no,no,1,no,0
1207,no,no,no,1,no,0
1208,no,no,no,1,no,0
1209,no,no,no,1,yes,1
1211,no,yes,yes,1,no,1
1212,no,no,no,1,no,0
1213,no,no,yes,1,yes,1
1214,no,no,no,2,no,0
1215,no,no,no,1,yes,1
1216,no,no,no,1,yes,1
1217,yes,no,no,2,no,0
1218,no,no,no,1,yes,1
1219,yes,no,no,4,no,0
1220,yes,no,no,1,yes,1
1221,no,no,no,4,no,0
1222,no,no,no,4,no,0
1223,no,no,no,1,no,0
1224,yes,no,no,2,no,0
1225,no,no,no,1,no,0
1226,no,no,yes,1,no,1
1227,no,no,no,2,no,0
1228,no,no,no,2,no,0
1229,yes,yes,yes,1,yes,1
1230,no,no,no,1,no,0
1231,yes,no,yes,1,no,1
1232,no,no,no,1,no,0
1233,no,no,no,1,yes,1
1234,no,no,no,1,no,0
1235,yes,no,no,1,no,0
1236,no,no,no,4,no,0
1237,yes,yes,yes,1,no,1
1238,no,no,no,4,no,0
1239,no,no,no,1,no,0
1240,no,no,no,1,no,0
1241,no,no,no,1,no,0
1242,no,yes,yes,1,no,1
1243,no,no,no,2,no,0
1244,yes,yes,no,2,no,1
1245,yes,yes,yes,1,no,1
1246,yes,no,yes,4,no,1
1247,no,no,no,4,no,0
1248,no,no,no,1,yes,1
1249,yes,yes,yes,2,no,1
1250,no,no,no,4,no,0
1251,no,no,no,4,no,0
1252,yes,yes,yes,1,yes,1
1253,no,no,no,2,no,0
1254,no,no,no,4,no,0
1255,no,no,no,2,no,0
1256,no,no,no,4,no,0
1257,no,no,no,2,no,0
1258,no,no,no,2,no,0
1259,no,no,no,1,yes,1
1260,no,no,no,4,no,0
1261,yes,no,no,2,no,0
1262,no,no,no,2,no,0
1263,no,no,no,4,no,0
1264,no,no,no,1,no,0
1265,yes,no,no,1,no,0
1266,yes,no,no,4,no,0
1267,no,no,no,2,no,0
1268,yes,yes,yes,4,no,1
1269,no,no,yes,1,yes,1
1270,no,no,no,4,no,0
1272,no,no,no,2,no,0
1273,no,no,no,2,no,0
1274,no,no,no,4,no,0
1275,no,no,no,1,yes,1
1276,yes,no,no,1,yes,1
1277,no,no,no,1,yes,1
1278,yes,yes,no,1,no,1
1279,no,no,no,1,yes,1
1280,no,no,no,1,yes,1
1281,no,yes,no,4,no,1
1282,no,no,no,4,yes,1
1283,yes,yes,yes,1,yes,1
1284,no,no,no,2,no,0
1285,yes,no,yes,1,no,1
1286,no,no,no,1,yes,1
1287,no,no,yes,1,yes,1
1288,no,no,no,2,no,0
1289,no,no,no,1,no,0
1290,no,no,no,1,no,0
1291,no,no,no,1,no,0
1292,no,no,no,2,no,0
1293,no,no,no,1,no,0
1294,yes,no,yes,1,no,1
1295,no,no,no,1,no,0
1296,yes,yes,yes,1,no,1
1297,no,yes,yes,1,yes,1
1298,yes,no,no,1,no,0
1299,no,no,no,1,no,0
1300,no,no,no,2,no,0
1301,no,no,no,2,no,0
1302,no,no,no,1,no,0
1303,no,no,yes,1,yes,1
1304,no,no,no,1,no,0
1305,no,no,no,1,no,0
1306,no,yes,yes,1,no,1
1307,no,no,no,1,no,0
1308,no,no,no,2,no,0
1309,no,no,no,1,no,0
1310,no,no,no,2,no,0
1311,no,yes,yes,4,yes,1
1312,no,no,no,1,no,0
1313,no,no,no,4,no,0
1314,yes,no,no,4,no,0
1315,no,no,no,4,yes,1
1316,no,no,no,2,no,0
1317,no,no,no,2,no,0
1318,no,no,no,2,no,0
1319,no,yes,yes,1,no,1
1320,yes,no,no,1,no,0
1321,no,no,no,2,yes,1
1322,yes,no,no,1,yes,1
1323,no,no,no,2,no,0
1324,no,yes,yes,1,yes,1
1325,no,yes,no,1,no,1
1326,no,no,no,1,no,0
1327,yes,no,no,1,no,0
1328,no,no,no,4,yes,1
1329,no,no,no,1,no,0
1330,no,yes,yes,1,no,1
1331,no,no,no,1,no,0
1332,no,no,no,1,yes,1
1333,no,no,no,1,no,0
1334,no,no,no,2,no,0
1335,no,no,no,1,yes,1
1336,no,yes,yes,1,yes,1
1337,yes,no,no,4,yes,1
1338,no,no,no,4,no,0
1339,no,no,no,1,yes,1
1340,yes,no,no,1,no,0
1341,no,no,no,1,no,0
1342,no,no,no,4,yes,1
1343,yes,yes,yes,1,no,1
1344,no,no,no,2,no,0
1345,no,no,no,1,no,0
1346,no,no,yes,4,no,1
1347,no,no,no,1,yes,1
1348,yes,no,no,2,no,0
1349,no,no,no,1,no,0
1350,no,no,no,2,no,0
1351,no,no,no,4,no,0
1352,no,no,no,4,no,0
1353,no,no,yes,1,no,1
1354,no,no,no,1,no,0
1355,no,no,no,1,yes,1
1356,no,no,no,1,no,0
1357,no,no,no,2,no,0
1358,no,no,no,1,no,0
1359,no,no,no,2,no,0
1360,no,yes,yes,1,no,1
1361,no,no,no,1,no,0
1362,no,no,no,4,no,0
1363,no,no,no,1,no,0
1364,no,no,no,1,no,0
1365,no,no,no,1,no,0
1366,no,no,no,1,yes,1
1367,no,no,no,2,no,0
1368,no,no,no,2,no,0
1369,no,yes,yes,4,no,1
1370,no,no,no,1,no,0
1371,no,no,no,2,no,0
1372,no,no,no,1,no,0
1373,yes,no,no,1,yes,1
1374,yes,yes,yes,1,no,1
1375,no,no,no,4,yes,1
1376,no,no,no,2,no,0
1377,no,no,no,1,yes,1
1378,no,no,no,4,no,0
1379,yes,no,no,1,no,0
1380,yes,yes,yes,1,no,1
1381,no,no,no,1,no,0
1382,yes,no,no,4,no,0
1383,no,no,no,2,no,0
1384,yes,yes,yes,1,no,1
1385,no,no,no,1,no,0
1386,no,no,no,2,no,0
1387,no,no,no,2,no,0
1388,yes,no,no,2,no,0
1389,no,no,no,4,no,0
1390,no,no,no,1,no,0
1391,no,no,no,1,yes,1
1392,no,no,no,4,yes,1
1393,no,no,no,2,no,0
1394,no,no,no,2,no,0
1395,no,no,no,1,no,0
1396,no,no,no,1,yes,1
1397,no,no,no,2,no,0
1398,no,no,no,2,no,0
1399,no,no,no,4,yes,1
1400,no,no,no,2,no,0
1401,no,no,no,2,yes,1
1402,no,no,no,2,no,0
1403,no,no,no,1,no,0
1404,no,no,no,1,no,0
1405,no,no,no,4,no,0
1406,no,no,no,1,no,0
1407,no,no,no,1,no,0
1408,yes,no,no,2,no,0
1409,no,no,no,2,no,0
1410,yes,yes,yes,1,no,1
1411,no,no,no,4,no,0
1412,yes,yes,yes,1,yes,1
1413,no,no,no,4,no,0
1414,no,no,no,2,no,0
1415,no,no,no,2,yes,1
1416,yes,yes,yes,1,no,1
1417,no,no,no,1,no,0
1418,no,no,no,2,no,0
1419,no,no,no,1,no,0
1420,yes,no,no,1,no,0
1421,yes,yes,no,1,no,1
1422,yes,no,no,1,yes,1
1423,no,no,yes,4,no,1
1424,no,no,no,4,no,0
1425,yes,yes,yes,1,no,1
1426,no,no,no,1,no,0
1427,no,no,no,1,yes,1
1428,yes,no,yes,1,no,1
1429,no,no,no,2,no,0
1430,no,no,yes,1,yes,1
1431,no,no,no,1,no,0
1432,yes,yes,yes,1,no,1
1433,no,no,no,2,no,0
1434,yes,yes,no,2,no,1
1435,no,yes,yes,1,no,1
1436,no,no,no,4,no,0
1437,no,no,no,2,no,0
1438,no,no,no,1,yes,1
1439,no,no,no,2,no,0
1440,yes,yes,yes,1,yes,1
1442,no,yes,yes,1,yes,1
1443,no,no,no,1,no,0
1444,yes,no,no,1,yes,1
1445,no,no,no,4,no,0
1446,no,no,no,2,no,0
1447,yes,no,no,4,no,0
1448,no,no,no,2,no,0
1449,no,no,no,1,no,0
1450,no,yes,yes,1,no,1
1451,no,no,no,2,no,0
1452,yes,yes,yes,1,no,1
1453,no,no,no,2,no,0
1454,no,no,no,1,no,0
1455,no,no,no,4,no,0
1456,no,no,no,1,yes,1
1457,no,no,no,1,no,0
1458,no,no,no,1,no,0
1459,no,no,no,2,no,0
1460,yes,yes,yes,1,no,1
1461,yes,no,no,1,no,0
1462,no,no,no,2,no,0
1463,yes,no,no,1,no,0
1464,no,no,no,2,no,0
1465,no,no,no,1,no,0
1466,yes,no,no,1,yes,1
1467,no,no,no,4,no,0
1468,yes,no,no,1,yes,1
1469,no,no,no,2,no,0
1470,no,no,no,2,no,0
1471,no,no,no,2,no,0
1472,no,no,no,1,yes,1
1473,yes,no,no,1,no,0
1474,no,no,no,1,no,0
1475,no,no,no,1,no,0
1476,no,no,no,1,no,0
1477,no,no,yes,1,no,1
1478,no,yes,yes,1,yes,1
1479,no,no,no,1,no,0
1480,no,no,no,1,yes,1
1481,no,no,no,2,yes,1
1482,no,no,no,1,yes,1
1483,no,no,no,1,no,0
1484,no,yes,yes,1,no,1
1485,no,no,no,2,no,0
1486,no,no,no,1,yes,1
1487,yes,yes,yes,2,no,1
1488,no,no,no,1,no,0
1489,no,no,no,1,no,0
1490,no,no,no,4,no,0
1491,no,no,yes,1,no,1
1492,yes,no,no,1,no,0
1493,no,no,no,1,yes,1
1494,no,no,no,1,yes,1
1495,no,no,no,4,no,0
1496,no,no,no,2,no,0
1497,no,no,no,4,yes,1
1498,no,no,no,1,no,0
1499,no,no,no,1,no,0
1500,no,no,no,1,no,0
1501,yes,no,no,1,no,0
1502,no,no,no,1,no,0
1503,no,no,no,1,no,0
1504,yes,no,no,1,no,0
1505,no,no,no,1,no,0
1506,no,no,no,2,no,0
1507,yes,no,yes,1,yes,1
1508,yes,no,no,1,no,0
1509,no,no,no,1,yes,1
1510,no,no,no,1,yes,1
1511,no,no,no,4,no,0
1512,no,no,no,1,no,0
1513,no,no,yes,1,no,1
1514,no,no,no,1,no,0
1515,no,no,no,1,yes,1
1516,no,no,no,4,no,0
1517,no,no,no,1,no,0
1518,no,no,no,4,yes,1
1519,yes,no,no,4,no,0
1520,no,no,no,4,no,0
1521,no,no,no,2,yes,1
1522,yes,yes,yes,1,no,1
1523,yes,no,no,4,no,0
1524,no,yes,yes,1,no,1
1525,no,no,no,2,no,0
1526,no,no,no,1,no,0
1527,no,yes,yes,1,yes,1
1528,no,no,no,1,no,0
1529,no,no,no,4,no,0
1530,yes,no,no,2,no,0
1531,no,no,no,2,no,0
1532,no,no,no,2,no,0
1533,yes,no,no,4,yes,1
1534,no,no,no,1,no,0
1535,no,no,no,1,yes,1
1536,yes,no,no,1,no,0
1537,no,no,no,2,no,0
1538,no,no,no,2,no,0
1539,no,no,no,2,no,0
1540,no,no,no,1,no,0
1542,no,no,no,1,no,0
1544,yes,yes,yes,1,yes,1
1545,no,no,no,1,no,0
1546,yes,yes,yes,1,yes,1
1547,no,no,no,2,no,0
1548,no,no,no,4,no,0
1549,no,no,no,1,yes,1
1550,no,no,no,2,no,0
1551,yes,no,no,1,yes,1
1552,no,no,no,2,no,0
1553,no,no,yes,1,no,1
1554,no,no,no,1,no,0
1555,no,no,no,4,no,0
1556,no,no,no,4,no,0
1557,no,no,no,2,yes,1
1558,no,no,no,4,yes,1
1559,yes,no,no,1,no,0
1560,no,no,no,2,no,0
1561,yes,no,no,1,yes,1
1562,no,no,yes,2,no,1
1563,no,no,no,2,no,0
1564,no,no,no,1,no,0
1565,no,no,no,1,no,0
1566,yes,no,no,1,no,0
1567,no,yes,yes,1,no,1
1568,no,no,no,4,no,0
1569,no,yes,yes,4,no,1
1570,no,no,no,2,no,0
1571,yes,yes,yes,1,no,1
1572,yes,yes,yes,1,no,1
1573,yes,no,no,4,yes,1
1574,no,no,yes,1,yes,1
1575,yes,yes,yes,1,yes,1
1577,no,no,no,2,no,0
1578,no,no,no,4,no,0
1579,no,no,no,4,no,0
1580,yes,no,no,1,yes,1
1581,no,no,yes,2,no,1
1582,no,no,no,2,no,0
1583,no,no,no,1,yes,1
1584,yes,yes,yes,1,no,1
1585,no,no,no,2,no,0
1586,no,no,no,2,no,0
1587,yes,no,no,1,no,0
1588,no,no,no,1,no,0
1589,no,no,no,2,no,0
1590,no,no,no,2,no,0
1591,no,no,no,1,yes,1
1592,no,no,no,4,no,0
1593,no,no,no,2,no,0
1594,no,no,no,2,no,0
1595,yes,no,no,1,yes,1
1596,no,no,no,1,no,0
1597,no,no,no,4,no,0
1598,yes,no,no,2,no,0
1599,yes,yes,yes,1,yes,1
1601,no,no,no,2,no,0
1602,no,no,no,1,no,0
1603,no,no,no,1,yes,1
1604,no,no,no,1,no,0
1605,no,no,no,1,no,0
1606,no,no,no,4,yes,1
1607,no,no,yes,4,no,1
1608,yes,yes,yes,1,no,1
1609,no,no,no,1,no,0
1610,no,no,no,4,no,0
1611,no,no,no,1,yes,1
1612,no,no,no,1,yes,1
1613,no,no,yes,1,no,1
1614,no,no,no,4,yes,1
1615,no,no,no,1,no,0
1616,yes,no,no,1,no,0
1617,no,no,yes,1,yes,1
1618,no,no,yes,1,yes,1
1619,no,no,yes,1,no,1
1620,yes,no,no,1,yes,1
1621,no,yes,yes,1,no,1
1622,yes,yes,yes,1,no,1
1623,no,no,no,1,yes,1
1624,yes,no,no,1,no,0
1625,no,no,yes,1,no,1
1626,no,no,no,2,no,0
1627,yes,no,no,1,no,0
1628,no,no,no,1,yes,1
1629,no,no,no,2,no,0
1630,no,no,no,2,yes,1
1631,yes,no,no,4,no,0
1632,no,no,yes,1,yes,1
1633,yes,no,no,4,no,0
1634,yes,no,no,1,yes,1
1635,no,no,no,1,no,0
1636,yes,yes,yes,1,no,1
1638,yes,yes,yes,1,yes,1
1639,no,no,no,4,yes,1
1640,no,no,no,4,no,0
1641,no,no,no,4,no,0
1642,no,no,no,2,no,0
1643,yes,yes,yes,2,yes,1
1644,yes,no,no,2,no,0
1645,no,no,no,2,yes,1
1646,no,no,no,1,no,0
1647,no,no,no,1,no,0
1648,yes,yes,yes,1,no,1
1649,no,no,no,1,no,0
1650,yes,no,no,4,no,0
1651,no,no,yes,1,yes,1
1652,no,no,no,1,no,0
1653,no,no,no,1,yes,1
1654,no,no,no,1,no,0
1655,no,no,no,1,no,0
1656,no,no,no,1,no,0
1657,no,no,no,2,no,0
1658,yes,yes,yes,1,no,1
1659,no,no,no,1,no,0
1660,no,no,no,1,no,0
1661,no,no,no,1,no,0
1662,no,no,no,2,yes,1
1663,no,yes,yes,1,yes,1
1664,no,no,no,1,no,0
1665,no,no,no,1,no,0
1666,no,no,no,2,no,0
1667,no,no,no,2,yes,1
1668,no,no,no,1,no,0
1669,yes,no,no,1,no,0
1670,no,no,no,1,no,0
1672,no,no,no,2,no,0
1673,no,no,no,2,no,0
1674,yes,no,no,1,no,0
1676,no,no,no,1,no,0
1677,yes,no,no,1,no,0
1678,yes,no,no,1,no,0
1679,no,no,no,1,no,0
1680,no,no,no,2,no,0
1681,no,no,no,2,no,0
1682,no,no,no,1,no,0
1683,no,no,no,2,no,0
1684,no,no,no,4,no,0
1685,no,no,no,1,no,0
1686,no,no,no,2,no,0
1687,yes,yes,yes,4,yes,1
1688,no,no,no,2,no,0
1689,yes,yes,yes,2,no,1
1690,yes,yes,yes,1,yes,1
1692,no,no,no,1,no,0
1693,no,no,no,1,no,0
1694,yes,no,no,2,no,0
1695,no,no,no,2,no,0
1696,no,no,no,1,no,0
1697,no,no,no,1,no,0
1698,yes,no,yes,1,no,1
1699,no,no,yes,1,no,1
1700,yes,no,no,4,yes,1
1701,no,no,no,2,no,0
1702,yes,no,yes,1,no,1
1703,yes,yes,yes,1,no,1
1705,no,no,no,1,no,0
1706,no,no,no,1,no,0
1707,no,no,no,2,yes,1
1708,yes,yes,yes,1,yes,1
1709,no,no,no,2,no,0
1710,no,no,no,2,no,0
1711,no,no,no,1,yes,1
1712,no,no,no,4,no,0
1714,no,no,no,2,no,0
1715,no,no,no,1,no,0
1716,yes,no,no,2,no,0
1717,no,no,no,1,no,0
1718,no,no,no,2,no,0
1719,no,no,no,1,no,0
1720,no,no,no,1,no,0
1721,yes,no,yes,2,no,1
1722,no,no,yes,1,yes,1
1723,yes,no,yes,1,no,1
1724,yes,yes,yes,1,yes,1
1725,no,no,yes,4,no,1
1726,no,no,no,4,no,0
1727,no,no,no,2,no,0
1728,no,no,no,2,no,0
1729,no,yes,yes,1,yes,1
1730,no,no,no,1,no,0
1731,yes,no,yes,1,no,1
1732,no,no,no,2,no,0
1733,yes,yes,yes,1,no,1
1734,yes,no,no,1,yes,1
1735,no,no,no,4,no,0
1736,no,no,no,1,no,0
1737,no,no,no,1,yes,1
1738,no,yes,no,2,no,1
1739,no,no,no,2,yes,1
1740,no,no,no,1,no,0
1741,yes,no,no,1,no,0
1742,no,no,no,1,no,0
1743,yes,yes,yes,1,yes,1
1744,yes,no,no,2,no,0
1745,no,no,no,2,no,0
1746,no,no,no,1,no,0
1747,no,no,yes,1,yes,1
1748,no,no,no,1,no,0
1749,no,no,no,4,no,0
1750,no,no,no,1,no,0
1751,yes,no,no,1,no,0
1752,no,no,no,4,yes,1
1753,yes,no,no,1,no,0
1754,no,no,no,1,no,0
1755,no,no,no,2,no,0
1756,yes,no,no,1,no,0
1757,no,no,no,1,no,0
1758,no,no,no,1,no,0
1759,yes,yes,yes,1,no,1
1760,yes,no,no,2,no,0
1761,no,no,no,1,no,0
1762,no,no,no,4,no,0
1763,no,no,no,4,yes,1
1764,no,no,no,1,no,0
1765,no,no,no,2,no,0
1766,no,no,no,4,no,0
1767,no,no,no,1,no,0
1768,no,no,no,1,no,0
1769,yes,yes,yes,2,no,1
1770,yes,no,no,1,no,0
1771,no,no,no,2,no,0
1772,no,no,no,1,no,0
1773,yes,yes,yes,1,no,1
1774,no,no,no,1,no,0
1775,yes,yes,yes,2,no,1
1776,no,no,yes,1,no,1
1777,no,no,no,1,yes,1
1778,yes,no,no,2,yes,1
1779,yes,no,no,1,no,0
1780,no,no,no,1,yes,1
1781,no,no,no,2,no,0
1782,no,no,no,1,yes,1
1783,no,no,no,1,no,0
1784,no,no,no,4,yes,1
1785,yes,yes,yes,1,no,1
1786,yes,no,no,4,no,0
1787,no,no,yes,1,no,1
1788,no,no,no,1,no,0
1789,no,no,no,1,no,0
1790,no,no,no,4,no,0
1791,yes,yes,yes,2,no,1
1792,no,no,no,1,no,0
1793,no,no,no,1,no,0
1794,no,no,no,2,no,0
1795,no,no,no,2,yes,1
1796,no,no,yes,1,yes,1
1797,no,no,no,1,yes,1
1798,yes,no,no,1,no,0
1799,no,no,no,4,yes,1
1800,no,no,no,1,no,0
1801,no,no,no,1,no,0
1803,no,no,no,2,no,0
1804,yes,yes,yes,1,no,1
1805,no,no,no,1,yes,1
1806,no,no,no,1,no,0
1807,no,no,no,4,yes,1
1808,yes,no,no,1,no,0
1809,no,no,no,2,no,0
1810,no,no,no,1,yes,1
1811,no,no,no,1,no,0
1812,no,no,no,2,no,0
1813,no,no,no,2,no,0
1814,no,no,yes,1,no,1
1815,yes,yes,yes,1,no,1
1816,no,yes,yes,4,no,1
1817,yes,no,yes,1,yes,1
1818,no,no,no,1,no,0
1819,yes,no,no,1,no,0
1820,yes,yes,yes,1,yes,1
1821,no,no,yes,4,no,1
1822,yes,no,yes,1,no,1
1823,no,no,no,1,no,0
1824,no,yes,yes,1,no,1
1825,no,no,no,1,yes,1
1826,no,no,no,2,yes,1
1827,yes,yes,yes,1,yes,1
1828,no,no,no,1,yes,1
1829,yes,yes,yes,1,no,1
1830,no,no,no,4,no,0
1831,no,no,no,2,no,0
1832,no,yes,yes,1,yes,1
1833,yes,no,yes,1,no,1
1834,no,no,no,4,yes,1
1835,yes,no,no,1,no,0
1836,yes,no,no,1,no,0
1837,no,no,no,1,no,0
1838,no,no,no,1,yes,1
1839,no,no,no,1,no,0
1840,no,no,no,4,no,0
1841,no,no,no,4,no,0
1842,no,no,no,2,no,0
1843,no,no,no,1,no,0
1844,yes,yes,yes,1,yes,1
1845,no,no,no,2,no,0
1846,no,no,no,1,no,0
1847,no,no,no,1,yes,1
1848,yes,no,no,2,no,0
1849,no,no,no,1,no,0
1850,no,no,yes,2,no,1
1851,yes,yes,yes,1,no,1
1852,yes,yes,yes,2,no,1
1853,no,no,no,1,no,0
1854,no,no,no,4,no,0
1855,no,yes,yes,1,yes,1
1856,yes,no,no,1,no,0
1857,no,no,no,2,no,0
1858,no,no,no,2,no,0
1859,no,yes,yes,1,no,1
1860,no,no,no,2,yes,1
1861,no,no,no,4,no,0
1862,yes,no,no,1,no,0
1863,no,no,no,4,no,0
1864,no,no,no,1,no,0
1865,no,no,no,1,no,0
1866,yes,no,no,1,yes,1
1867,no,no,no,1,no,0
1868,no,no,no,2,no,0
1869,no,yes,yes,1,no,1
1870,no,no,no,1,yes,1
1871,no,no,no,4,no,0
1872,no,no,no,1,no,0
1873,no,no,no,2,no,0
1874,no,no,no,4,yes,1
1875,no,no,no,4,yes,1
1876,no,no,no,2,no,0
1877,yes,yes,no,2,no,1
1878,no,no,no,1,yes,1
1879,no,yes,no,2,no,1
1880,no,yes,yes,4,no,1
1881,no,no,no,1,yes,1
1882,yes,no,no,2,no,0
1883,yes,no,no,1,no,0
1884,no,no,no,1,no,0
1885,no,no,no,1,no,0
1886,no,no,no,4,no,0
1887,yes,no,no,1,yes,1
1888,no,no,no,1,no,0
1889,no,no,yes,1,yes,1
1890,yes,yes,no,1,yes,1
1891,no,no,no,4,no,0
1892,yes,no,no,1,no,0
1893,no,no,no,2,no,0
1894,yes,no,no,1,yes,1
1895,no,no,no,1,no,0
1896,no,no,no,1,no,0
1897,no,no,no,2,no,0
1898,no,no,no,2,no,0
1899,yes,no,no,1,no,0
1900,no,yes,yes,1,no,1
1901,yes,no,no,1,yes,1
1902,yes,no,no,1,no,0
1903,yes,yes,yes,4,no,1
1904,no,no,no,2,no,0
1905,no,no,no,1,yes,1
1907,no,no,no,2,no,0
1908,no,no,no,1,no,0
1909,no,no,no,2,no,0
1910,no,no,yes,1,no,1
1911,yes,no,no,4,no,0
1912,no,no,no,4,yes,1
1913,no,yes,yes,1,no,1
1914,yes,no,yes,4,no,1
1915,no,no,no,2,no,0
1916,no,no,no,2,no,0
1917,no,no,no,1,yes,1
1918,no,no,no,2,no,0
1919,no,no,no,2,no,0
1920,no,no,no,2,no,0
1921,yes,no,no,1,no,0
1922,no,no,yes,1,yes,1
1923,no,no,no,1,no,0
1924,yes,no,no,1,no,0
1925,no,no,no,2,no,0
1926,no,no,yes,2,no,1
1927,yes,no,no,4,no,0
1928,no,no,no,1,no,0
1929,yes,yes,yes,1,no,1
1930,yes,no,no,1,no,0
1931,no,no,no,1,no,0
1932,no,no,no,1,yes,1
1933,no,no,no,4,no,0
1934,no,no,no,1,yes,1
1935,no,no,no,1,yes,1
1936,no,no,no,4,yes,1
1937,yes,no,no,1,no,0
1938,no,no,no,1,no,0
1939,yes,no,no,1,yes,1
1940,yes,yes,yes,1,no,1
1941,yes,no,no,4,no,0
1942,no,no,no,2,no,0
1943,no,no,no,1,no,0
1944,no,no,no,2,yes,1
1945,no,no,no,1,no,0
1946,yes,yes,yes,1,yes,1
1947,no,no,no,2,no,0
1948,no,no,no,1,no,0
1949,no,no,yes,1,no,1
1950,no,no,no,1,no,0
1951,no,no,no,4,yes,1
1952,no,no,no,1,no,0
1953,no,no,no,2,yes,1
1954,no,no,no,1,no,0
1955,no,no,no,2,no,0
1956,yes,yes,yes,4,no,1
1957,no,no,no,2,yes,1
1958,no,no,no,4,no,0
1959,no,no,yes,1,yes,1
1960,no,no,no,2,no,0
1961,yes,no,no,1,no,0
1962,yes,yes,no,1,no,1
1963,no,yes,no,2,yes,1
1964,no,no,no,4,no,0
1965,no,no,no,2,no,0
1966,no,no,no,1,no,0
1967,yes,no,no,1,yes,1
1968,yes,no,no,1,yes,1
1969,no,no,no,1,yes,1
1970,no,yes,yes,2,no,1
1971,no,no,no,1,no,0
1972,no,no,no,2,yes,1
1973,no,no,no,2,yes,1
1974,no,no,no,2,yes,1
1975,no,no,no,2,yes,1
1976,no,no,yes,4,no,1
1977,no,no,no,2,no,0
1978,no,no,no,2,no,0
1979,yes,no,no,1,yes,1
1980,no,no,no,1,no,0
1981,no,no,no,2,no,0
1982,no,no,no,4,yes,1
1983,no,no,no,1,no,0
1985,no,no,no,1,no,0
1987,no,no,no,1,no,0
1988,no,no,no,4,no,0
1989,no,no,no,2,no,0
1990,no,no,no,2,no,0
1991,yes,yes,yes,1,yes,1
1992,no,no,no,1,no,0
1993,yes,no,no,1,no,0
1994,yes,yes,yes,1,no,1
1995,yes,yes,yes,1,no,1
1996,no,yes,yes,1,no,1
1997,yes,no,no,1,no,0
1998,no,no,no,1,no,0
1999,no,no,no,1,no,0
2000,no,no,no,2,no,0
2001,yes,yes,yes,1,no,1
2002,no,no,no,2,no,0
2003,no,no,no,4,no,0
2004,no,no,no,1,no,0
2005,yes,yes,yes,1,yes,1
2006,yes,no,no,4,no,0
2007,yes,no,no,2,no,0
2008,no,no,no,2,no,0
2009,no,no,no,1,no,0
2010,yes,yes,yes,1,no,1
2011,yes,yes,yes,1,yes,1
2012,no,no,no,4,no,0
2013,yes,yes,no,1,no,1
2014,no,no,no,1,no,0
2015,no,no,no,2,yes,1
2016,no,no,no,4,no,0
2017,yes,no,no,1,no,0
2018,yes,yes,yes,1,yes,1
2019,no,no,no,1,yes,1
2020,no,yes,yes,1,no,1
2021,no,no,no,2,yes,1
2022,yes,yes,yes,1,no,1
2023,no,no,no,4,yes,1
2024,no,no,no,2,no,0
2025,yes,yes,yes,2,no,1
2026,no,no,no,4,no,0
2027,no,no,no,2,no,0
2028,no,no,no,4,no,0
2029,no,no,no,1,no,0
2030,yes,yes,yes,1,no,1
2031,no,no,no,1,no,0
2032,yes,no,no,2,no,0
2033,no,no,no,1,no,0
2034,no,no,no,4,yes,1
2035,no,yes,yes,1,no,1
2036,no,no,no,2,no,0
2037,yes,no,yes,1,yes,1
2038,no,no,no,1,no,0
2039,no,no,no,4,no,0
2040,yes,no,no,4,no,0
2041,no,yes,yes,1,yes,1
2042,no,no,no,1,no,0
2043,no,no,no,1,no,0
2044,no,no,no,1,no,0
2045,yes,no,no,1,yes,1
2046,no,no,no,4,no,0
2047,yes,no,no,1,no,0
2048,no,no,no,1,yes,1
2049,no,no,no,1,no,0
2050,no,no,no,4,no,0
2051,yes,no,no,1,yes,1
2053,no,no,no,1,no,0
2054,no,yes,yes,1,no,1
2055,yes,no,no,1,yes,1
2056,yes,no,no,1,yes,1
2057,no,no,no,4,no,0
2058,yes,yes,yes,1,no,1
2059,no,yes,yes,2,no,1
2060,no,no,no,2,yes,1
2061,no,no,no,1,no,0
2062,no,no,no,1,no,0
2063,no,no,yes,1,no,1
2064,no,no,no,1,no,0
2065,no,no,no,1,no,0
2066,no,no,no,1,no,0
2067,no,no,no,1,no,0
2068,no,no,no,1,no,0
2069,no,no,yes,1,no,1
2070,yes,no,no,1,no,0
2071,no,no,no,1,no,0
2072,no,no,no,1,yes,1
2073,yes,yes,yes,1,yes,1
2074,no,no,no,1,no,0
2075,no,no,no,2,no,0
2076,yes,no,no,1,no,0
2077,no,no,no,1,no,0
2078,no,no,no,4,no,0
2079,no,no,yes,1,no,1
2080,no,no,no,2,no,0
2081,yes,no,no,1,yes,1
2082,no,no,no,1,no,0
2083,no,no,no,1,yes,1
2084,no,no,no,2,yes,1
2085,no,no,no,2,no,0
2086,no,no,no,1,no,0
2087,no,no,no,1,yes,1
2088,no,no,no,2,no,0
2089,no,no,yes,1,no,1
2091,no,no,no,1,yes,1
2092,yes,no,no,1,no,0
2093,yes,yes,yes,1,no,1
2094,no,no,no,2,no,0
2095,no,no,no,2,no,0
2096,no,no,no,2,yes,1
2097,no,no,no,1,yes,1
2098,no,no,no,2,no,0
2100,no,no,no,4,no,0
2101,no,yes,no,1,no,1
2102,yes,no,no,1,no,0
2103,no,no,no,4,no,0
2104,no,no,no,1,no,0
2105,no,no,no,4,no,0
2106,no,no,no,1,no,0
2107,no,no,no,1,no,0
2108,no,no,no,1,no,0
2109,no,no,yes,1,no,1
2110,no,no,no,1,no,0
2111,no,no,no,4,no,0
2112,no,no,no,2,no,0
2113,no,no,no,1,no,0
2114,no,no,no,2,no,0
2115,no,no,no,1,no,0
2116,no,no,no,2,no,0
2117,no,no,no,1,yes,1
2118,yes,no,no,2,no,0
2119,no,no,no,1,no,0
2120,no,no,no,1,no,0
2121,no,no,no,4,no,0
2122,yes,yes,yes,1,no,1
2123,no,no,no,4,no,0
2125,no,no,no,2,no,0
2126,no,no,no,4,no,0
2127,yes,no,no,1,yes,1
2128,no,no,yes,1,no,1
2129,no,no,no,1,no,0
2131,no,no,yes,1,no,1
2132,no,no,no,1,no,0
2133,no,no,no,1,yes,1
2134,no,no,no,1,no,0
2135,yes,no,no,2,no,0
2136,no,no,no,2,no,0
2137,no,no,no,4,no,0
2138,no,yes,yes,1,no,1
2139,no,yes,yes,1,no,1
2140,no,yes,no,2,no,1
2141,yes,no,yes,2,no,1
2142,yes,no,yes,1,no,1
2143,no,no,no,2,no,0
2144,no,no,yes,1,no,1
2145,no,no,no,2,no,0
2146,yes,yes,yes,2,no,1
2147,yes,yes,yes,1,no,1
2148,no,no,no,1,no,0
2149,no,no,no,1,no,0
2151,no,no,no,1,no,0
2152,no,no,yes,1,yes,1
2153,no,no,no,2,no,0
2154,yes,yes,yes,1,no,1
2155,no,no,no,2,no,0
2156,no,no,no,1,no,0
2157,no,no,no,1,no,0
2158,yes,no,no,1,no,0
2159,no,no,no,4,no,0
2160,no,no,no,1,no,0
2161,no,no,no,2,no,0
2162,no,no,yes,1,no,1
2164,no,no,no,1,no,0
2165,no,no,no,1,no,0
2166,no,no,no,1,yes,1
2167,no,no,no,1,no,0
2168,no,no,no,1,no,0
2169,no,yes,yes,1,no,1
2170,no,yes,yes,1,no,1
2171,yes,no,no,1,yes,1
2172,no,no,no,2,no,0
2173,no,no,no,4,no,0
2174,yes,no,no,2,no,0
2175,no,yes,yes,1,no,1
2176,no,no,no,1,yes,1
2177,no,no,no,2,no,0
2178,yes,yes,yes,1,no,1
2179,yes,no,no,4,no,0
2180,no,no,no,4,no,0
2181,no,no,yes,4,no,1
2183,yes,no,no,2,no,0
2184,no,yes,no,1,no,1
2185,no,no,no,4,yes,1
2186,no,no,no,1,yes,1
2187,no,no,no,2,no,0
2188,no,no,no,1,no,0
2190,no,yes,yes,1,no,1
2191,no,no,no,1,no,0
2192,no,no,no,2,no,0
2193,no,no,no,1,yes,1
2194,no,no,no,1,no,0
2195,no,no,no,4,yes,1
2196,no,no,no,1,yes,1
2197,no,no,no,2,no,0
2198,no,no,no,4,no,0
2199,no,no,no,2,no,0
2200,yes,no,no,1,no,0
2201,no,no,no,1,no,0
2202,no,no,no,1,no,0
2203,no,no,no,2,no,0
2204,no,no,no,1,no,0
2205,no,no,no,2,no,0
2206,no,no,no,4,yes,1
2207,yes,yes,no,1,yes,1
2208,no,no,yes,1,no,1
2209,yes,no,no,1,yes,1
2210,no,no,no,1,yes,1
2211,yes,yes,yes,1,no,1
2212,no,no,no,1,no,0
2213,no,no,no,2,no,0
2214,no,no,no,2,no,0
2215,yes,no,no,1,no,0
2216,no,no,no,4,yes,1
2217,no,yes,yes,1,no,1
2218,yes,no,no,1,no,0
2219,no,no,no,2,no,0
2220,no,no,no,2,no,0
2221,yes,no,yes,1,no,1
2222,no,yes,yes,1,yes,1
2225,yes,yes,yes,1,no,1
2226,no,yes,yes,1,no,1
2227,no,no,no,4,no,0
2228,no,no,no,4,no,0
2229,no,no,yes,1,yes,1
2230,no,no,no,1,no,0
2231,yes,no,no,1,no,0
2232,yes,no,no,1,no,0
2233,yes,yes,yes,1,no,1
2234,no,no,yes,1,yes,1
2235,yes,yes,yes,1,yes,1
2236,no,no,yes,1,no,1
2237,yes,yes,yes,1,yes,1
2238,no,no,no,1,yes,1
2239,no,yes,yes,1,no,1
2240,no,no,no,1,no,0
2241,no,no,no,1,no,0
2242,yes,yes,yes,1,no,1
2243,no,no,no,1,no,0
2244,yes,no,no,1,no,0
2245,no,no,no,2,no,0
2246,no,no,no,2,no,0
2247,no,yes,no,1,no,1
2248,no,no,no,2,no,0
2249,no,no,no,2,no,0
2250,yes,yes,yes,1,no,1
2251,no,yes,yes,1,no,1
2252,no,no,yes,1,no,1
2253,yes,no,yes,2,no,1
2254,no,no,no,1,no,0
2255,no,no,no,4,no,0
2256,no,no,no,1,no,0
2257,no,no,no,2,no,0
2258,yes,no,no,2,no,0
2259,no,no,no,2,no,0
2260,yes,yes,yes,1,no,1
2261,no,no,no,1,yes,1
2262,yes,yes,yes,1,no,1
2263,no,no,no,4,no,0
2264,no,no,no,4,no,0
2265,no,no,no,1,yes,1
2266,no,no,no,1,no,0
2267,yes,yes,yes,1,no,1
2269,yes,no,no,2,no,0
2270,no,no,no,1,yes,1
2271,yes,no,no,1,yes,1
2272,yes,yes,yes,1,yes,1
2273,no,no,no,1,yes,1
2274,no,no,yes,1,yes,1
2275,no,no,no,4,no,0
2276,no,no,no,2,no,0
2277,no,no,no,4,no,0
2278,no,no,no,2,no,0
2279,yes,no,no,2,no,0
2280,no,no,no,2,no,0
2281,no,no,no,2,no,0
2282,no,no,no,2,no,0
2283,no,no,no,2,no,0
2284,no,no,no,1,no,0
2285,no,no,no,4,yes,1
2286,no,no,no,4,yes,1
2287,no,yes,no,1,no,1
2288,no,no,no,1,no,0
2289,yes,yes,yes,1,yes,1
2290,no,yes,yes,1,yes,1
2291,no,no,no,1,no,0
2292,no,no,no,2,yes,1
2293,no,yes,no,1,no,1
2294,no,no,no,1,yes,1
2295,yes,yes,yes,1,no,1
2296,no,no,no,4,no,0
2297,no,no,no,4,no,0
2298,no,no,no,1,yes,1
2299,no,no,no,1,no,0
2300,no,no,no,1,no,0
2301,yes,no,no,1,no,0
2302,no,no,no,2,no,0
2303,no,no,no,2,no,0
2304,no,no,no,2,yes,1
2305,no,no,no,4,yes,1
2306,yes,no,no,1,no,0
2307,no,no,no,1,no,0
2308,no,no,no,2,no,0
2309,no,no,no,1,no,0
2310,no,no,no,1,no,0
2311,no,yes,yes,1,yes,1
2312,no,no,no,4,yes,1
2313,no,no,no,4,yes,1
2314,yes,no,no,1,no,0
2315,yes,no,no,1,no,0
2316,yes,no,yes,4,yes,1
2318,no,no,no,2,yes,1
2319,no,no,no,2,no,0
2320,no,no,no,1,no,0
2321,no,no,no,1,no,0
2322,no,no,no,4,no,0
2323,no,no,no,2,no,0
2324,no,no,no,4,yes,1
2325,no,no,no,1,no,0
2326,no,no,no,1,no,0
2327,no,no,no,1,no,0
2328,no,no,no,4,no,0
2329,no,no,no,4,no,0
2330,no,no,no,2,yes,1
2331,yes,no,no,1,no,0
2332,no,no,no,1,no,0
2334,no,no,no,2,no,0
2335,no,no,no,2,no,0
2336,yes,no,yes,1,yes,1
2337,yes,yes,yes,1,no,1
2338,no,no,no,1,no,0
2339,yes,yes,yes,2,yes,1
2340,no,no,no,1,no,0
2341,yes,no,no,1,yes,1
2342,no,no,no,2,no,0
2343,no,no,no,2,no,0
2344,yes,yes,yes,1,yes,1
2345,yes,no,no,1,no,0
2346,no,no,no,1,no,0
2347,no,no,no,2,no,0
2348,yes,no,no,1,yes,1
2349,no,no,no,1,no,0
2350,no,no,no,2,no,0
2351,no,no,no,2,no,0
2352,yes,yes,yes,4,no,1
2353,no,no,no,1,no,0
2354,no,no,no,2,no,0
2355,no,no,no,1,no,0
2356,no,no,no,1,yes,1
2357,no,no,no,1,yes,1
2358,no,no,no,4,yes,1
2359,no,no,no,1,no,0
2360,no,no,no,4,no,0
2361,no,no,no,1,no,0
2362,no,no,no,1,no,0
2363,no,no,no,1,no,0
2364,yes,yes,yes,1,yes,1
2365,no,no,no,1,yes,1
2366,no,no,no,1,no,0
2368,no,no,no,4,yes,1
2369,yes,yes,yes,1,no,1
2370,no,no,no,1,yes,1
2371,no,no,no,4,yes,1
2372,no,no,no,2,no,0
2373,no,no,no,2,no,0
2374,no,no,no,1,no,0
2375,yes,yes,yes,1,no,1
2376,no,no,no,2,no,0
2377,no,no,no,4,no,0
2378,no,no,no,2,yes,1
2379,no,no,no,2,no,0
2380,yes,no,no,1,yes,1
2381,no,no,no,1,no,0
2383,yes,no,yes,1,no,1
2384,no,no,no,2,no,0
2386,yes,no,no,1,no,0
2387,yes,no,no,4,no,0
2388,yes,yes,yes,4,no,1
2389,yes,no,no,1,yes,1
2390,yes,yes,yes,1,no,1
2391,no,no,no,1,yes,1
2392,no,no,no,1,no,0
2393,yes,no,no,1,no,0
2394,no,no,no,1,yes,1
2395,no,no,no,4,no,0
2396,no,no,no,1,yes,1
2397,no,no,no,1,no,0
2398,yes,no,no,4,no,0
2399,no,no,no,1,no,0
2400,no,no,no,1,no,0
2401,no,yes,yes,1,no,1
2402,yes,no,yes,1,no,1
2403,yes,no,no,1,yes,1
2404,no,no,no,1,no,0
2406,no,no,no,1,yes,1
2407,yes,yes,yes,1,yes,1
2408,no,yes,yes,1,yes,1
2410,yes,no,no,1,no,0
2411,yes,yes,yes,4,no,1
2412,yes,no,no,2,no,0
2413,no,yes,yes,1,no,1
2414,yes,no,no,4,no,0
2415,no,no,no,4,no,0
2416,no,no,no,1,no,0
2417,no,no,no,4,no,0
2419,yes,no,no,1,no,0
2420,yes,no,no,4,yes,1
2421,no,no,no,1,yes,1
2422,no,no,no,1,no,0
2423,no,no,no,2,no,0
2424,no,no,no,4,no,0
2425,no,no,no,4,no,0
2426,yes,no,no,1,yes,1
2427,no,no,yes,4,yes,1
2428,no,no,yes,1,yes,1
2429,no,no,no,2,no,0
2430,no,no,no,1,no,0
2431,yes,yes,yes,1,no,1
2432,no,no,no,1,yes,1
2433,no,yes,yes,1,yes,1
2434,no,no,no,4,yes,1
2435,no,no,no,1,no,0
2436,no,no,no,1,no,0
2437,no,no,no,1,yes,1
2438,no,no,no,2,no,0
2439,no,no,no,1,no,0
2440,yes,no,yes,1,no,1
2441,no,yes,yes,1,no,1
2442,yes,no,no,4,no,0
2443,no,no,no,1,yes,1
2444,no,no,no,2,no,0
2445,yes,yes,yes,4,no,1
2446,no,no,no,1,no,0
2447,no,yes,yes,1,yes,1
2448,yes,no,no,1,yes,1
2449,no,no,no,4,yes,1
2450,yes,yes,yes,2,no,1
2451,no,no,no,4,no,0
2452,no,no,no,1,no,0
2453,no,no,no,1,yes,1
2454,no,no,no,1,yes,1
2455,no,no,no,2,no,0
2456,no,no,no,2,no,0
2457,no,no,no,2,no,0
2458,yes,no,no,2,no,0
2459,no,yes,yes,1,yes,1
2460,no,no,no,1,no,0
2461,no,no,no,2,no,0
2462,no,no,no,4,no,0
2463,no,no,no,2,no,0
2464,no,no,no,4,no,0
2465,no,no,no,1,no,0
2466,no,no,no,1,no,0
2467,no,no,yes,1,yes,1
2468,no,no,no,2,no,0
2469,yes,no,no,1,no,0
2470,no,no,no,1,no,0
2471,yes,yes,yes,1,no,1
2472,yes,yes,no,2,no,1
2473,yes,no,no,4,no,0
2474,no,no,no,4,no,0
2475,no,yes,yes,1,yes,1
2476,no,no,no,1,no,0
2477,no,no,no,2,no,0
2478,no,no,no,2,no,0
2479,no,no,no,2,no,0
2480,yes,yes,yes,1,yes,1
2481,no,no,no,4,yes,1
2482,no,no,no,2,no,0
2483,no,no,no,1,no,0
2484,no,no,no,1,no,0
2485,no,no,no,4,no,0
2486,no,no,no,4,no,0
2487,no,no,no,4,no,0
2488,no,no,no,2,no,0
2489,no,no,no,1,no,0
2490,no,no,no,1,no,0
2492,no,no,no,1,no,0
2493,no,no,no,2,no,0
2494,no,no,no,1,no,0
2495,yes,no,no,1,no,0
2496,no,no,no,4,yes,1
2497,no,no,no,2,yes,1
2499,no,no,no,1,no,0
2500,no,no,no,1,no,0
2501,no,no,no,2,no,0
2502,no,no,yes,1,no,1
2503,no,no,no,2,yes,1
2504,no,no,no,4,yes,1
2505,no,yes,yes,1,no,1
2506,no,no,no,1,no,0
2507,yes,no,no,1,no,0
2508,yes,no,no,1,no,0
2509,no,no,no,1,no,0
2510,yes,no,no,1,yes,1
2511,yes,no,no,1,no,0
2512,yes,yes,yes,1,no,1
2513,yes,no,no,1,no,0
2514,no,yes,yes,1,no,1
2515,no,no,no,4,no,0
2516,no,no,no,2,no,0
2517,no,yes,yes,1,no,1
2518,no,yes,yes,1,no,1
2519,no,no,no,1,no,0
2520,no,no,no,1,no,0
2521,no,yes,yes,1,no,1
2522,yes,no,no,2,no,0
2523,yes,no,yes,1,yes,1
2524,yes,no,yes,1,yes,1
2525,yes,no,no,1,no,0
2526,no,no,no,4,no,0
2527,no,no,no,2,no,0
2528,yes,yes,yes,1,no,1
2530,no,no,no,1,no,0
2531,no,no,no,2,no,0
2532,yes,no,no,1,no,0
2533,yes,no,no,4,no,0
2534,yes,yes,yes,1,yes,1
2535,no,no,no,1,no,0
2536,no,no,no,1,no,0
2537,no,no,no,4,yes,1
2538,no,no,no,4,no,0
2539,no,no,no,2,no,0
2540,no,no,no,1,no,0
2541,yes,no,yes,2,no,1
2542,no,no,yes,1,no,1
2543,no,no,no,1,no,0
2544,no,no,no,2,no,0
2545,yes,no,yes,1,no,1
2546,no,no,no,2,no,0
2547,no,yes,no,1,yes,1
2548,yes,no,no,1,no,0
2549,yes,no,no,1,no,0
2550,no,no,no,1,no,0
2551,yes,no,no,1,no,0
2552,yes,no,yes,1,no,1
2553,yes,no,yes,1,no,1
2555,yes,yes,yes,1,yes,1
2556,no,no,no,1,no,0
2557,yes,no,yes,2,no,1
2558,no,no,no,2,no,0
2559,no,no,yes,4,no,1
2560,yes,no,no,1,yes,1
2561,no,no,no,2,no,0
2562,no,no,no,1,yes,1
2563,no,yes,yes,1,yes,1
2564,no,no,no,1,no,0
2565,no,no,no,1,no,0
2566,yes,no,no,4,no,0
2567,no,no,no,2,no,0
2568,no,no,yes,1,no,1
2569,yes,yes,yes,1,no,1
2570,yes,yes,yes,1,no,1
2571,yes,yes,yes,1,no,1
2572,no,no,no,2,no,0
2573,no,no,no,1,no,0
2574,no,no,no,1,no,0
2575,no,no,no,2,no,0
2576,no,no,no,2,no,0
2577,yes,no,no,1,no,0
2578,no,no,no,1,yes,1
2579,no,no,no,2,no,0
2580,no,no,no,1,yes,1
2581,no,no,no,1,no,0
2582,no,no,no,1,no,0
2583,no,no,no,4,no,0
2584,no,no,yes,1,no,1
2585,yes,yes,yes,1,no,1
2586,no,no,no,4,no,0
2587,yes,no,yes,1,no,1
2588,no,no,no,2,no,0
2589,no,no,no,1,no,0
2590,yes,yes,yes,1,no,1
2591,no,no,no,2,no,0
2592,no,no,no,1,yes,1
2593,no,no,yes,4,no,1
2594,no,no,no,2,no,0
2595,yes,no,yes,1,no,1
2597,no,yes,yes,1,no,1
2598,no,no,no,2,no,0
2599,no,no,no,1,no,0
2600,yes,yes,yes,1,yes,1
2601,no,no,no,1,yes,1
2602,no,no,no,1,yes,1
2603,no,no,no,2,no,0
2604,no,no,no,1,no,0
2605,yes,no,no,2,no,0
2606,no,no,no,2,no,0
2607,no,no,no,2,no,0
2608,yes,no,no,1,no,0
2609,yes,yes,yes,4,no,1
2610,yes,no,no,1,no,0
2611,no,no,no,2,no,0
2612,no,no,no,1,no,0
2613,no,no,no,1,yes,1
2614,no,no,no,2,yes,1
2615,no,no,no,2,no,0
2616,no,yes,yes,2,no,1
2617,yes,no,no,1,no,0
2618,no,no,no,1,no,0
2619,no,no,no,4,no,0
2620,no,no,yes,1,no,1
2621,no,no,no,2,no,0
2622,no,no,no,1,no,0
2623,no,no,no,1,no,0
2624,no,no,no,2,yes,1
2625,no,no,no,1,yes,1
2626,no,no,yes,2,no,1
2627,no,no,no,1,no,0
2628,yes,no,no,4,no,0
2629,yes,no,no,1,yes,1
2630,no,no,no,2,no,0
2631,no,no,no,2,no,0
2632,no,no,no,1,yes,1
2633,yes,no,no,1,yes,1
2634,no,no,no,4,no,0
2635,no,no,no,1,no,0
2636,no,no,no,1,no,0
2637,no,no,no,2,yes,1
2638,no,no,no,2,no,0
2639,yes,no,no,1,no,0
2640,no,no,no,4,yes,1
2641,no,no,no,1,no,0
2642,no,no,no,4,no,0
2643,yes,yes,yes,1,yes,1
2644,no,no,no,4,no,0
2645,no,no,no,1,no,0
2646,no,no,no,1,no,0
2648,yes,no,no,1,no,0
2649,no,no,no,1,no,0
2650,no,no,no,1,yes,1
2651,no,no,no,4,no,0
2652,no,no,no,1,no,0
2653,no,no,no,1,no,0
2654,no,no,no,1,yes,1
2655,no,no,no,2,no,0
2656,yes,no,no,1,no,0
2657,no,no,no,4,no,0
2658,no,no,yes,1,no,1
2659,no,no,no,1,yes,1
2660,no,no,no,2,no,0
2661,no,no,no,1,no,0
2662,no,no,no,2,no,0
2663,yes,no,no,1,no,0
2664,no,no,no,1,no,0
2665,no,no,no,2,no,0
2666,yes,yes,yes,1,yes,1
2667,no,no,no,2,no,0
2668,no,no,no,2,no,0
2669,no,yes,yes,1,no,1
2670,no,no,no,2,yes,1
2671,yes,no,no,1,no,0
2672,no,no,no,1,yes,1
2673,yes,no,no,1,no,0
2674,no,no,no,2,no,0
2675,yes,no,no,1,no,0
2676,no,no,yes,1,no,1
2677,no,no,no,2,no,0
2678,no,no,no,1,no,0
2679,no,no,no,2,yes,1
2680,yes,no,no,1,no,0
2681,no,no,no,2,yes,1
2682,no,no,no,1,no,0
2683,no,no,no,1,no,0
2684,no,no,no,2,no,0
2685,yes,no,no,1,yes,1
2686,no,no,no,2,no,0
2687,no,no,yes,1,no,1
2688,yes,yes,no,1,no,1
2689,no,no,yes,1,no,1
2690,yes,no,no,1,no,0
2691,yes,yes,yes,1,no,1
2692,yes,no,no,1,no,0
2693,no,no,no,1,no,0
2694,no,no,no,1,yes,1
2695,no,no,no,1,yes,1
2696,yes,no,no,1,no,0
2697,no,no,no,4,no,0
2698,no,no,no,2,no,0
2699,no,no,no,1,no,0
2700,no,no,no,1,no,0
2701,yes,yes,yes,1,yes,1
2702,yes,no,no,1,no,0
2703,no,no,no,1,no,0
2704,yes,no,no,2,no,0
2705,no,no,no,1,no,0
2706,no,no,no,1,no,0
2707,yes,no,no,1,yes,1
2708,no,no,no,4,no,0
2709,yes,no,no,1,no,0
2710,no,no,no,2,no,0
2711,no,no,no,1,yes,1
2712,yes,yes,yes,1,yes,1
2713,yes,yes,yes,1,no,1
2714,no,no,no,2,no,0
2715,no,no,no,1,no,0
2716,no,no,no,1,yes,1
2717,no,no,no,2,no,0
2718,no,no,no,1,no,0
2719,no,no,no,1,no,0
2720,no,no,no,2,no,0
2721,no,no,no,2,no,0
2722,no,no,no,2,no,0
2723,yes,yes,yes,1,no,1
2724,no,no,no,2,no,0
2725,no,no,no,2,no,0
2726,no,no,no,4,no,0
2727,no,yes,yes,1,no,1
2728,no,no,no,2,no,0
2729,yes,no,no,1,no,0
2730,no,no,no,1,no,0
2731,no,no,no,2,no,0
2732,no,no,no,1,no,0
2733,no,no,no,2,no,0
2734,no,no,no,2,no,0
2735,no,no,no,4,no,0
2736,no,no,no,1,yes,1
2737,yes,no,no,4,no,0
2738,no,no,no,1,yes,1
2739,no,no,no,2,yes,1
2740,no,no,no,2,no,0
2741,yes,no,no,1,no,0
2742,no,no,no,4,yes,1
2743,no,no,no,1,yes,1
2744,no,no,no,1,yes,1
2745,no,no,no,1,no,0
2746,yes,no,no,1,no,0
2747,no,yes,yes,1,yes,1
2748,yes,no,no,2,no,0
2749,no,no,no,2,no,0
2750,yes,no,no,2,no,0
2751,no,no,no,1,no,0
2752,no,no,no,2,no,0
2753,no,no,no,1,no,0
2754,yes,yes,yes,1,no,1
2755,yes,no,no,1,no,0
2756,no,no,no,1,no,0
2757,yes,no,no,1,no,0
2758,no,no,no,1,yes,1
2759,no,no,no,2,yes,1
2760,yes,no,no,1,yes,1
2761,yes,yes,yes,1,no,1
2762,yes,no,no,1,no,0
2763,no,no,no,1,no,0
2764,no,no,no,1,no,0
2765,yes,no,no,1,yes,1
2766,no,no,no,1,no,0
2767,no,no,no,2,no,0
2768,yes,no,no,2,no,0
2769,no,no,no,1,no,0
2770,no,no,no,2,no,0
2771,no,no,no,1,no,0
2772,yes,no,no,1,no,0
2773,no,no,no,2,no,0
2774,no,no,yes,1,no,1
2775,no,yes,yes,1,no,1
2776,yes,no,no,4,no,0
2777,no,yes,yes,1,no,1
2778,no,yes,yes,2,no,1
2779,no,no,no,1,yes,1
2780,no,no,no,4,yes,1
2781,yes,yes,yes,1,no,1
2782,yes,yes,yes,1,no,1
2783,no,no,no,2,no,0
2784,yes,no,no,1,no,0
2785,no,no,no,1,no,0
2786,no,no,no,2,no,0
2787,no,no,no,1,no,0
2788,yes,no,yes,1,no,1
2789,yes,no,no,1,no,0
2790,no,no,no,1,no,0
2791,no,no,no,2,no,0
2792,no,no,no,1,no,0
2794,no,no,yes,1,no,1
2795,no,no,no,1,no,0
2796,yes,no,no,1,no,0
2797,no,no,no,2,no,0
2798,no,no,no,1,no,0
2799,yes,no,no,1,no,0
2800,yes,no,no,1,no,0
2801,no,no,no,2,no,0
2802,yes,yes,yes,2,no,1
2803,yes,yes,yes,1,yes,1
2804,no,no,no,4,no,0
2805,yes,no,no,1,no,0
2806,no,no,no,2,no,0
2807,yes,yes,yes,1,no,1
2808,no,no,no,4,no,0
2809,yes,no,no,2,no,0
2810,no,no,no,1,yes,1
2811,yes,no,no,1,no,0
2812,no,no,no,2,yes,1
2813,no,no,no,1,no,0
2814,yes,no,no,1,yes,1
2815,no,no,no,2,no,0
2816,yes,no,no,1,yes,1
2817,no,no,yes,1,no,1
2818,no,no,no,2,no,0
2820,no,no,no,2,no,0
2822,no,no,no,2,no,0
2823,no,no,no,2,no,0
2824,yes,yes,yes,1,no,1
2825,no,no,no,1,no,0
2826,no,no,no,4,no,0
2827,no,no,no,1,no,0
2828,no,no,no,2,no,0
2829,no,no,no,1,no,0
2830,no,no,no,1,no,0
2831,no,no,no,2,no,0
2832,yes,no,no,1,yes,1
2833,no,no,no,2,no,0
2834,no,no,no,1,no,0
2835,no,no,no,1,yes,1
2836,yes,no,no,4,no,0
2837,no,no,no,1,no,0
2838,no,no,no,1,no,0
2839,no,no,yes,1,no,1
2840,no,no,no,1,no,0
2841,no,no,no,4,no,0
2842,no,no,no,2,no,0
2843,no,yes,yes,1,no,1
2844,no,no,no,2,no,0
2845,yes,yes,yes,4,no,1
2846,no,no,no,4,yes,1
2847,yes,no,yes,1,yes,1
2848,no,no,no,2,no,0
2849,yes,no,no,1,no,0
2850,no,no,no,2,no,0
2851,no,no,no,1,no,0
2852,no,no,no,2,yes,1
2853,no,no,no,4,no,0
2854,no,no,no,4,yes,1
2855,no,no,yes,1,yes,1
2856,no,no,no,2,no,0
2857,yes,yes,yes,1,no,1
2858,yes,no,no,4,no,0
2859,no,no,no,2,no,0
2860,no,no,no,1,no,0
2861,yes,no,no,1,no,0
2862,yes,no,no,4,no,0
2863,no,no,no,2,no,0
2864,yes,yes,yes,1,no,1
2865,no,no,no,1,no,0
2866,no,no,no,2,no,0
2867,no,no,no,1,no,0
2868,no,no,no,1,yes,1
2869,no,no,no,1,yes,1
2870,no,no,no,1,no,0
2871,no,no,no,1,no,0
2872,no,no,no,1,no,0
2873,yes,no,no,1,yes,1
2874,yes,yes,yes,1,yes,1
2875,no,no,no,1,no,0
2876,no,no,no,1,yes,1
2877,no,no,no,2,no,0
2878,no,no,no,2,no,0
2879,no,no,no,1,no,0
2880,yes,no,no,1,no,0
2881,no,no,no,2,no,0
2882,no,no,no,1,no,0
2883,no,no,no,1,no,0
2884,no,no,no,4,yes,1
2885,no,no,no,1,yes,1
2886,no,no,no,4,no,0
2887,no,no,no,2,no,0
2888,yes,no,no,1,no,0
2889,no,no,no,2,yes,1
2890,no,no,no,2,no,0
2891,no,no,no,2,no,0
2892,no,no,no,2,no,0
2893,no,no,no,4,no,0
2894,no,no,no,4,no,0
2895,no,no,no,2,yes,1
2897,no,no,yes,2,no,1
2898,no,no,no,2,no,0
2899,yes,yes,no,1,no,1
2900,no,yes,yes,1,no,1
2901,yes,no,yes,2,no,1
2902,no,no,no,2,no,0
2903,yes,no,no,4,no,0
2904,yes,no,no,1,no,0
2905,no,no,no,2,no,0
2906,yes,yes,yes,1,no,1
2907,no,no,no,1,no,0
2908,yes,no,no,2,no,0
2909,yes,no,no,1,no,0
2910,no,no,no,1,yes,1
2911,no,no,no,2,no,0
2912,no,no,no,1,no,0
2913,no,no,no,2,no,0
2914,yes,no,no,1,no,0
2915,no,no,no,2,no,0
2916,yes,yes,yes,1,no,1
2917,no,no,no,2,no,0
2918,no,no,yes,1,no,1
2919,no,no,no,2,no,0
2920,no,no,no,1,yes,1
2921,no,no,no,4,no,0
2922,no,no,no,1,no,0
2923,no,yes,yes,2,no,1
2924,no,no,no,1,no,0
2925,no,no,no,1,no,0
2926,no,no,no,1,no,0
2927,no,no,no,1,no,0
2928,no,no,no,1,no,0
2929,no,no,no,2,no,0
2930,no,no,no,1,no,0
2931,no,no,no,2,no,0
2932,no,no,no,1,no,0
2933,no,yes,yes,1,yes,1
2934,yes,no,no,1,no,0
2935,no,no,no,1,no,0
2936,yes,no,no,2,no,0
2937,no,no,no,1,yes,1
2938,no,no,yes,1,no,1
2939,yes,no,no,1,no,0
2940,no,no,no,1,yes,1
2941,no,no,no,1,no,0
2942,yes,no,no,1,no,0
2943,no,no,no,1,no,0
2944,no,no,no,1,no,0
2945,no,no,no,2,yes,1
2946,no,yes,yes,1,yes,1
2947,yes,no,no,1,no,0
2948,no,yes,yes,1,no,1
2949,no,no,no,4,no,0
2950,no,no,no,1,yes,1
2951,no,no,no,1,no,0
2952,no,no,no,1,yes,1
2953,no,no,no,4,no,0
2954,no,no,no,2,no,0
2955,no,no,no,1,no,0
2956,no,no,no,1,no,0
2957,yes,no,no,1,no,0
2958,yes,yes,yes,1,no,1
2960,yes,no,no,1,no,0
2961,yes,no,no,1,no,0
2962,yes,yes,yes,2,no,1
2963,no,no,no,2,no,0
2964,no,no,no,4,yes,1
2965,no,no,no,2,no,0
2966,no,no,no,2,no,0
2967,yes,no,yes,4,no,1
2968,no,no,no,2,no,0
2969,yes,no,no,1,no,0
2970,no,yes,yes,1,no,1
2971,yes,yes,yes,2,no,1
2972,no,yes,no,1,no,1
2973,no,no,no,1,no,0
2974,yes,no,no,1,no,0
2975,yes,no,no,1,no,0
2976,no,no,yes,4,yes,1
2977,no,no,no,1,yes,1
2978,no,no,no,1,no,0
2979,no,no,no,1,no,0
2980,no,no,no,4,no,0
2981,no,yes,no,1,no,1
2982,no,no,no,1,no,0
2983,no,no,no,2,yes,1
2984,no,yes,yes,1,no,1
2985,no,no,no,2,no,0
2986,no,no,no,1,no,0
2987,no,no,no,4,no,0
2988,no,no,no,2,no,0
2989,no,no,no,1,no,0
2990,no,no,no,1,no,0
2991,no,no,no,1,no,0
2992,no,no,no,4,no,0
2993,yes,no,no,1,no,0
2994,no,no,no,2,no,0
2995,no,no,no,2,no,0
2996,yes,yes,yes,1,no,1
2997,no,no,no,1,yes,1
2998,no,no,no,2,yes,1
2999,no,no,no,1,no,0
3000,no,no,no,2,yes,1
3001,no,no,yes,2,no,1
3002,no,no,no,1,yes,1
3003,no,no,no,2,no,0
3004,no,no,no,2,no,0
3005,yes,no,no,1,no,0
3006,no,no,no,1,no,0
3007,no,no,no,4,no,0
3008,no,no,no,4,no,0
3009,no,no,yes,1,no,1
3010,no,no,yes,1,no,1
3011,yes,no,no,1,no,0
3012,no,no,no,2,no,0
3013,no,no,no,1,no,0
3014,yes,yes,yes,1,yes,1
3015,yes,yes,yes,1,no,1
3016,no,no,no,4,yes,1
3017,no,no,no,2,no,0
3018,no,no,no,2,no,0
3019,no,no,no,2,no,0
3020,no,no,no,1,no,0
3021,no,no,no,1,no,0
3022,no,no,no,1,no,0
3023,no,no,no,1,no,0
3024,no,no,no,4,no,0
3025,no,no,no,1,no,0
3026,yes,yes,yes,1,no,1
3027,yes,no,no,1,no,0
3028,yes,yes,yes,1,no,1
3029,no,no,no,4,no,0
3030,yes,yes,yes,1,yes,1
3031,yes,no,yes,1,yes,1
3032,no,no,no,4,no,0
3033,no,yes,yes,4,no,1
3034,no,yes,yes,1,no,1
3035,yes,no,no,1,yes,1
3036,no,no,no,1,yes,1
3037,no,no,no,4,no,0
3038,yes,yes,yes,1,no,1
3039,no,no,no,1,no,0
3040,no,no,no,2,no,0
3041,no,yes,yes,1,no,1
3042,no,yes,yes,1,no,1
3043,no,no,no,2,yes,1
3044,no,no,no,1,yes,1
3045,yes,no,no,1,no,0
3046,no,no,no,1,yes,1
3047,no,no,no,2,no,0
3048,no,no,no,1,yes,1
3049,no,no,no,2,no,0
3050,no,yes,yes,1,yes,1
3051,yes,no,no,1,no,0
3052,no,no,no,2,no,0
3053,no,no,no,1,no,0
3054,no,yes,yes,1,no,1
3055,no,no,no,4,no,0
3056,no,no,no,2,no,0
3057,no,no,no,2,no,0
3058,no,no,no,1,no,0
3059,no,no,no,2,no,0
3060,no,no,no,4,no,0
3061,no,no,no,1,no,0
3062,no,no,no,1,no,0
3063,no,no,no,1,no,0
3064,no,no,no,4,no,0
3065,no,no,no,2,no,0
3066,no,no,yes,1,no,1
3067,yes,no,no,1,no,0
3068,no,no,no,2,no,0
3069,no,no,no,4,no,0
3071,no,no,no,1,no,0
3072,yes,yes,yes,1,no,1
3073,no,no,no,2,no,0
3074,no,no,no,2,no,0
3075,no,no,no,4,yes,1
3076,no,no,no,2,no,0
3077,yes,yes,yes,1,yes,1
3078,no,no,no,4,yes,1
3079,no,yes,no,1,yes,1
3080,no,no,no,2,no,0
3081,no,no,no,1,no,0
3082,no,no,yes,1,no,1
3083,no,no,no,2,no,0
3084,no,no,no,1,yes,1
3085,no,no,no,2,yes,1
3086,yes,no,no,1,no,0
3087,no,no,no,2,no,0
3088,no,no,no,1,no,0
3089,no,no,no,1,no,0
3090,no,no,no,1,yes,1
3092,no,no,no,2,no,0
3093,no,no,no,2,no,0
3094,no,no,no,1,yes,1
3095,no,no,no,1,yes,1
3096,no,no,no,1,yes,1
3097,no,no,no,4,no,0
3098,no,no,no,2,no,0
3099,no,no,yes,1,no,1
3100,yes,no,no,1,no,0
3101,no,no,no,1,yes,1
3102,no,no,no,4,yes,1
3103,no,no,no,4,no,0
3104,yes,no,no,1,no,0
3105,no,no,no,2,no,0
3106,no,no,no,4,no,0
3107,no,no,no,1,yes,1
3108,no,no,no,2,no,0
3109,no,no,no,1,no,0
3110,no,no,no,2,no,0
3111,no,yes,no,1,no,1
3112,yes,no,no,2,no,0
3113,no,no,no,1,no,0
3115,no,no,no,1,no,0
3116,no,no,no,1,no,0
3117,no,no,no,1,yes,1
3118,no,no,no,1,no,0
3119,no,no,no,1,no,0
3120,no,no,no,1,yes,1
3122,no,no,no,1,no,0
3123,yes,no,no,2,no,0
3124,no,no,no,2,yes,1
3125,no,no,no,4,no,0
3126,no,no,no,2,yes,1
3127,no,no,no,1,no,0
3128,yes,no,no,1,yes,1
3129,no,no,no,4,no,0
3130,no,no,no,2,yes,1
3131,no,no,no,2,yes,1
3132,yes,no,yes,1,no,1
3133,no,no,no,1,no,0
3134,no,no,no,4,yes,1
3135,no,no,no,2,no,0
3136,no,no,no,2,no,0
3137,yes,yes,yes,1,no,1
3138,no,no,no,1,no,0
3139,yes,yes,yes,1,no,1
3140,yes,yes,yes,1,yes,1
3141,yes,no,no,1,yes,1
3142,yes,yes,yes,1,yes,1
3143,no,no,no,2,no,0
3144,no,yes,yes,1,no,1
3145,no,no,no,1,no,0
3146,no,no,no,2,no,0
3147,yes,no,no,2,no,0
3148,no,no,no,4,yes,1
3149,no,no,yes,4,no,1
3150,no,no,yes,2,no,1
3151,yes,no,no,2,no,0
3152,no,no,no,2,no,0
3153,no,no,yes,1,no,1
3154,no,yes,yes,1,no,1
3155,no,no,no,2,no,0
3156,yes,no,no,2,no,0
3157,yes,no,no,2,no,0
3158,yes,yes,yes,2,no,1
3159,no,no,no,4,no,0
3160,yes,no,no,1,no,0
3161,no,no,no,1,no,0
3162,no,no,no,2,no,0
3163,no,no,no,2,yes,1
3164,no,no,no,1,no,0
3165,yes,yes,yes,1,no,1
3166,no,no,no,1,no,0
3167,no,no,no,2,no,0
3168,yes,yes,yes,1,yes,1
3169,yes,no,no,4,yes,1
3170,yes,yes,yes,1,yes,1
3171,yes,yes,yes,4,no,1
3172,yes,no,no,2,no,0
3173,no,no,no,2,yes,1
3174,no,no,no,4,no,0
3175,yes,yes,yes,1,no,1
3176,no,no,no,1,no,0
3177,no,no,no,2,no,0
3178,yes,no,no,1,no,0
3179,no,no,no,2,yes,1
3180,yes,no,no,1,no,0
3181,yes,no,no,1,no,0
3182,no,no,no,1,yes,1
3183,no,no,no,2,no,0
3184,yes,yes,yes,1,no,1
3185,yes,yes,yes,1,no,1
3186,no,no,no,4,yes,1
3188,no,no,no,1,no,0
3189,no,no,no,1,no,0
3190,yes,no,no,1,no,0
3191,no,yes,no,2,no,1
3193,yes,no,no,1,no,0
3194,yes,no,no,1,no,0
3195,no,no,no,2,no,0
3196,no,no,no,2,no,0
3197,no,no,no,2,no,0
3198,no,no,no,2,no,0
3199,no,no,no,4,no,0
3200,yes,yes,yes,1,yes,1
3201,no,no,yes,1,no,1
3202,no,no,no,1,no,0
3203,no,no,no,1,no,0
3204,no,no,no,1,no,0
3205,no,no,no,1,no,0
3206,no,no,no,1,no,0
3207,no,no,no,1,no,0
3208,yes,no,no,1,no,0
3209,no,no,no,1,no,0
3210,no,no,no,1,no,0
3211,no,no,no,2,yes,1
3212,no,no,no,2,no,0
3213,no,no,no,2,no,0
3214,yes,yes,yes,1,yes,1
3215,no,yes,yes,1,no,1
3216,no,no,no,2,no,0
3217,no,no,no,2,no,0
3218,no,no,no,4,no,0
3219,no,no,no,4,yes,1
3220,yes,yes,yes,1,no,1
3221,no,no,no,1,no,0
3222,yes,no,no,1,no,0
3223,no,no,no,2,no,0
3224,no,no,no,1,yes,1
3225,no,no,no,1,yes,1
3226,yes,no,no,2,no,0
3227,no,no,no,1,yes,1
3228,yes,yes,yes,1,yes,1
3229,no,no,no,1,no,0
3230,no,no,no,4,no,0
3231,no,no,no,2,yes,1
3232,no,no,no,1,no,0
3233,no,no,no,2,no,0
3234,no,no,no,2,no,0
3235,yes,yes,yes,2,no,1
3236,yes,yes,yes,1,no,1
3237,no,no,no,1,no,0
3238,no,no,no,2,no,0
3239,no,no,no,2,yes,1
3240,no,no,no,2,no,0
3241,no,no,no,1,no,0
3242,no,no,no,1,yes,1
3243,no,no,no,2,no,0
3244,no,no,no,2,no,0
3245,yes,yes,yes,1,no,1
3246,no,no,no,1,yes,1
3247,yes,no,no,1,no,0
3248,yes,yes,yes,1,no,1
3249,yes,no,no,4,no,0
3250,no,no,no,2,yes,1
3251,no,no,no,1,yes,1
3252,yes,no,no,1,no,0
3253,no,no,no,2,yes,1
3254,yes,no,no,1,no,0
3255,no,yes,yes,1,yes,1
3256,no,yes,yes,1,no,1
3257,no,no,yes,1,no,1
3258,no,no,no,4,no,0
3259,no,no,no,4,yes,1
3260,yes,yes,yes,1,no,1
3262,yes,no,no,1,yes,1
3263,yes,no,no,2,no,0
3264,yes,no,no,1,no,0
3265,no,no,no,1,no,0
3266,yes,no,no,1,yes,1
3267,yes,yes,yes,1,yes,1
3268,yes,no,no,1,no,0
3269,no,no,no,2,no,0
3270,no,no,no,2,yes,1
3271,no,no,no,1,no,0
3272,no,no,no,2,no,0
3273,yes,no,no,1,no,0
3275,yes,no,no,1,no,0
3276,no,no,no,1,no,0
3277,no,no,yes,2,no,1
3278,no,no,no,4,no,0
3279,no,no,no,4,no,0
3280,no,no,no,2,no,0
3281,no,no,no,2,no,0
3282,yes,yes,yes,1,no,1
3283,yes,no,no,2,no,0
3284,no,yes,yes,1,no,1
3285,no,no,no,2,no,0
3286,no,no,no,4,yes,1
3287,no,no,no,1,no,0
3288,no,no,no,4,no,0
3289,no,yes,yes,1,yes,1
3290,no,no,no,2,yes,1
3291,no,no,no,4,no,0
3292,yes,no,no,1,no,0
3293,yes,no,no,2,no,0
3294,yes,no,yes,1,no,1
3295,no,no,no,1,no,0
3296,no,no,yes,1,yes,1
3297,yes,yes,yes,1,no,1
3298,no,yes,yes,1,no,1
3299,no,no,no,1,no,0
3300,yes,yes,yes,1,no,1
3301,no,no,no,2,no,0
3302,yes,no,no,2,no,0
3303,no,no,yes,2,no,1
3304,no,yes,yes,1,no,1
3305,no,no,no,4,no,0
3306,no,yes,yes,1,yes,1
3307,no,no,no,1,no,0
3308,no,no,no,1,no,0
3309,yes,no,yes,1,no,1
3310,yes,yes,yes,1,no,1
3311,no,no,no,1,yes,1
3312,no,no,no,1,no,0
3313,yes,no,no,2,no,0
3314,no,no,no,2,no,0
3315,no,no,no,1,no,0
3316,no,no,no,2,no,0
3317,yes,no,no,1,no,0
3318,no,no,no,4,no,0
3319,no,no,no,4,no,0
3320,no,no,no,2,no,0
3321,no,no,no,1,yes,1
3322,no,no,no,1,no,0
3323,no,no,no,1,no,0
3324,yes,no,no,1,no,0
3325,no,no,no,1,no,0
3326,no,no,no,2,no,0
3327,no,no,no,1,no,0
3328,no,no,no,1,no,0
3329,no,no,no,1,no,0
3330,no,no,no,4,no,0
3331,no,no,no,1,no,0
3332,yes,no,no,4,no,0
3333,no,no,no,2,no,0
3334,yes,yes,yes,1,no,1
3335,no,no,no,2,no,0
3336,no,no,no,4,no,0
3337,no,no,no,1,no,0
3338,yes,no,no,1,no,0
3339,no,no,no,1,no,0
3341,yes,yes,yes,4,no,1
3342,no,no,no,2,no,0
3343,yes,no,no,1,no,0
3344,no,no,no,1,no,0
3345,no,no,no,2,yes,1
3346,no,no,no,2,no,0
3347,no,no,no,1,no,0
3348,yes,no,yes,1,yes,1
3349,no,no,yes,4,no,1
3350,no,no,no,2,no,0
3351,yes,no,yes,1,no,1
3352,no,no,no,1,no,0
3353,yes,yes,yes,1,no,1
3354,no,no,no,1,yes,1
3355,no,no,no,4,yes,1
3356,no,no,no,1,no,0
3357,yes,yes,yes,4,no,1
3358,yes,no,no,1,no,0
3359,yes,no,no,4,no,0
3360,yes,yes,yes,1,no,1
3361,no,yes,yes,1,no,1
3362,no,no,no,2,no,0
3363,yes,no,no,1,no,0
3364,no,no,no,1,no,0
3365,no,no,yes,1,yes,1
3366,no,no,no,4,no,0
3367,no,no,no,2,no,0
3368,no,no,no,4,no,0
3369,yes,yes,yes,1,yes,1
3370,yes,no,yes,1,no,1
3372,no,no,no,4,no,0
3373,no,no,no,4,no,0
3374,no,no,no,2,no,0
3375,yes,no,no,2,no,0
3376,no,no,yes,4,no,1
3377,no,no,no,2,no,0
3378,yes,yes,yes,1,yes,1
3379,no,no,no,2,no,0
3380,no,no,yes,1,no,1
3381,no,no,no,4,no,0
3382,no,no,no,1,yes,1
3383,no,no,no,4,no,0
3384,no,no,yes,1,no,1
3385,no,yes,yes,1,no,1
3386,no,no,no,2,no,0
3387,no,no,no,2,no,0
3389,no,no,no,1,no,0
3390,no,yes,yes,1,no,1
3391,no,no,no,4,yes,1
3393,yes,yes,yes,1,yes,1
3394,no,no,no,1,no,0
3395,no,no,no,2,yes,1
3396,yes,yes,yes,1,no,1
3397,no,no,yes,4,no,1
3398,yes,no,yes,1,no,1
3399,no,no,no,1,no,0
3400,no,no,yes,1,no,1
3401,no,no,no,1,no,0
3402,no,no,no,1,no,0
3403,no,no,no,4,no,0
3404,no,no,no,2,no,0
3405,yes,no,no,1,no,0
3406,no,no,no,2,no,0
3407,no,no,no,4,no,0
3408,no,no,no,2,no,0
3409,no,no,no,1,yes,1
3410,no,no,no,1,no,0
3411,no,yes,yes,1,no,1
3412,no,no,no,4,no,0
3413,no,no,no,1,no,0
3414,no,no,no,1,no,0
3415,no,no,no,4,no,0
3416,yes,no,no,1,no,0
3417,yes,yes,yes,1,no,1
3418,no,no,no,2,no,0
3419,no,no,no,1,no,0
3420,no,no,no,2,no,0
3421,yes,yes,yes,1,no,1
3422,no,no,no,2,no,0
3423,no,no,no,2,no,0
3424,no,no,no,1,no,0
3425,no,no,no,2,no,0
3426,no,no,no,1,no,0
3427,no,no,no,1,no,0
3428,no,no,no,4,no,0
3429,no,no,yes,1,no,1
3430,no,no,no,1,no,0
3431,no,no,no,2,no,0
3432,no,no,no,2,no,0
3433,yes,no,no,1,no,0
3434,no,no,no,2,no,0
3435,yes,yes,yes,4,no,1
3436,no,no,no,4,no,0
3437,yes,yes,yes,1,no,1
3438,no,no,yes,1,yes,1
3439,yes,yes,yes,1,yes,1
3440,no,no,no,1,no,0
3441,no,no,no,4,no,0
3442,yes,yes,yes,1,yes,1
3443,no,no,yes,1,no,1
3444,no,no,yes,4,no,1
3445,no,no,no,2,no,0
3447,yes,yes,yes,1,yes,1
3448,no,no,no,2,no,0
3449,yes,yes,yes,1,no,1
3450,no,yes,yes,1,no,1
3451,no,no,no,2,no,0
3452,no,no,no,4,yes,1
3453,no,no,no,2,no,0
3454,no,no,no,4,yes,1
3455,no,no,no,4,yes,1
3456,yes,yes,yes,1,no,1
3457,no,no,no,2,no,0
3458,no,no,no,1,no,0
3459,no,no,no,1,no,0
3460,yes,no,no,1,yes,1
3461,yes,no,no,2,no,0
3462,no,no,no,1,no,0
3463,no,no,no,1,no,0
3464,no,no,no,2,no,0
3465,yes,no,no,1,no,0
3466,no,no,no,2,no,0
3467,no,no,no,1,yes,1
3468,no,yes,yes,1,no,1
3469,no,no,no,1,no,0
3470,no,no,no,1,no,0
3471,no,no,no,1,no,0
3472,yes,no,no,1,no,0
3473,no,no,no,2,no,0
3474,no,no,no,1,no,0
3475,no,no,no,1,no,0
3476,yes,yes,yes,1,yes,1
3477,no,no,no,2,no,0
3478,no,no,no,2,no,0
3479,no,yes,no,1,yes,1
3480,no,no,no,1,no,0
3481,yes,no,no,1,yes,1
3482,no,no,yes,2,no,1
3483,no,no,no,1,no,0
3484,no,no,no,1,no,0
3485,no,no,no,4,no,0
3486,yes,no,no,1,yes,1
3487,yes,no,no,1,no,0
3488,yes,no,no,1,no,0
3489,yes,no,yes,1,no,1
3490,no,no,no,4,no,0
3491,no,no,no,1,no,0
3493,yes,no,no,4,no,0
3494,no,no,no,2,no,0
3495,no,no,no,1,yes,1
3496,yes,yes,yes,1,no,1
3497,no,no,no,1,yes,1
3498,no,no,no,4,no,0
3499,no,no,no,1,no,0
3500,no,no,no,1,no,0
3501,no,no,no,2,no,0
3502,no,no,no,1,yes,1
3503,no,no,no,4,no,0
3504,no,no,yes,1,yes,1
3505,no,no,no,1,no,0
3507,no,no,no,1,yes,1
3508,yes,no,no,1,no,0
3509,no,no,no,1,no,0
3510,no,no,no,2,no,0
3511,no,no,no,1,no,0
3512,no,no,no,2,no,0
3513,no,no,no,1,yes,1
3514,no,no,no,2,no,0
3515,no,no,no,1,no,0
3516,no,no,no,1,no,0
3517,yes,no,no,1,no,0
3518,no,no,no,1,yes,1
3519,no,no,no,1,yes,1
3520,no,no,no,4,no,0
3521,no,no,no,2,no,0
3522,no,no,no,1,no,0
3523,yes,yes,no,1,yes,1
3524,no,no,no,1,no,0
3525,no,no,yes,1,yes,1
3526,no,no,no,1,no,0
3527,no,no,no,1,no,0
3528,no,no,no,1,no,0
3529,yes,yes,yes,1,no,1
3530,no,no,no,2,no,0
3531,yes,yes,yes,1,no,1
3532,yes,no,no,2,no,0
3533,no,no,no,4,no,0
3534,no,no,no,2,no,0
3535,no,no,no,1,no,0
3536,no,no,no,2,no,0
3537,yes,no,no,1,no,0
3538,no,no,no,2,no,0
3539,no,no,no,1,no,0
3540,no,no,no,2,no,0
3541,no,no,no,2,no,0
3542,no,no,no,2,no,0
3543,no,no,no,1,yes,1
3544,no,no,no,4,yes,1
3545,yes,no,no,1,no,0
3546,no,no,no,1,no,0
3547,no,no,no,1,yes,1
3548,no,no,no,1,no,0
3549,yes,no,no,1,no,0
3550,no,no,no,2,no,0
3551,no,no,yes,1,no,1
3552,yes,no,no,1,no,0
3553,no,no,no,4,no,0
3554,no,no,no,1,no,0
3555,no,no,no,2,no,0
3556,yes,no,no,1,no,0
3557,no,yes,yes,1,no,1
3558,no,no,no,1,yes,1
3559,no,no,no,1,no,0
3560,no,no,no,1,no,0
3561,yes,yes,yes,4,no,1
3562,no,no,no,1,no,0
3563,yes,no,no,1,no,0
3564,no,no,no,1,no,0
3565,no,no,no,4,no,0
3566,no,no,no,2,no,0
3567,no,no,no,4,no,0
3568,no,no,no,4,yes,1
3569,no,no,no,2,no,0
3570,yes,yes,yes,1,no,1
3571,no,no,no,1,no,0
3572,no,no,no,2,yes,1
3573,no,no,no,1,no,0
3574,yes,no,yes,1,no,1
3575,yes,yes,yes,1,no,1
3576,yes,no,no,4,no,0
3577,no,no,no,2,no,0
3578,no,no,no,2,no,0
3579,no,no,no,1,no,0
3580,no,no,no,2,no,0
3581,no,no,yes,1,yes,1
3582,no,no,no,1,yes,1
3583,no,no,no,1,yes,1
3584,yes,yes,yes,1,yes,1
3585,no,no,no,4,no,0
3586,yes,no,no,1,no,0
3587,yes,no,yes,1,no,1
3588,no,no,no,1,no,0
3589,no,yes,no,1,yes,1
3590,no,no,no,1,no,0
3591,yes,no,no,1,no,0
3592,yes,no,no,1,no,0
3593,no,no,no,1,no,0
3594,no,no,no,4,no,0
3595,no,no,no,1,no,0
3596,yes,yes,yes,1,no,1
3597,no,no,no,2,no,0
3598,no,no,no,4,no,0
3599,no,no,no,1,no,0
3600,no,no,no,1,no,0
3601,no,no,no,1,no,0
3602,no,no,yes,2,no,1
3603,no,no,no,4,yes,1
3604,no,no,yes,1,no,1
3605,no,no,no,2,yes,1
3606,no,no,no,2,no,0
3607,no,no,no,2,no,0
3608,yes,no,yes,1,no,1
3609,yes,yes,yes,1,no,1
3610,no,no,no,2,no,0
3611,no,no,no,2,no,0
3612,yes,no,no,1,no,0
3613,yes,no,no,1,yes,1
3614,no,no,no,4,yes,1
3615,yes,yes,yes,1,no,1
3616,no,no,no,2,no,0
3617,no,no,no,1,no,0
3618,no,no,no,2,no,0
3619,no,no,no,4,yes,1
3620,no,no,no,1,no,0
3621,no,no,no,1,no,0
3622,no,no,no,1,no,0
3623,no,no,no,2,yes,1
3624,no,no,no,2,no,0
3625,no,no,no,2,no,0
3626,no,no,no,4,no,0
3627,no,no,no,2,no,0
3628,yes,no,no,2,no,0
3629,no,no,no,1,no,0
3630,no,no,no,4,no,0
3631,no,no,no,2,no,0
3632,yes,no,no,4,no,0
3633,no,no,no,1,no,0
3634,yes,no,no,1,no,0
3635,no,no,yes,1,yes,1
3636,no,no,no,2,no,0
3637,no,yes,yes,1,no,1
3638,no,no,no,2,no,0
3639,yes,no,no,2,no,0
3640,no,yes,yes,1,no,1
3641,no,no,no,1,no,0
3642,yes,no,yes,1,no,1
3643,yes,yes,yes,1,no,1
3644,yes,no,no,1,no,0
3645,yes,no,no,1,no,0
3646,yes,yes,yes,1,no,1
3647,no,no,no,2,no,0
3648,no,no,no,2,no,0
3649,yes,no,no,1,yes,1
3650,no,no,no,4,no,0
3651,no,no,no,1,yes,1
3652,no,no,no,2,no,0
3653,no,no,no,1,no,0
3654,no,no,no,4,no,0
3655,no,no,no,2,no,0
3656,no,yes,yes,2,no,1
3657,no,no,no,1,yes,1
3658,no,no,no,1,no,0
3659,no,no,no,2,no,0
3660,no,no,no,1,yes,1
3661,no,no,no,1,no,0
3662,yes,yes,yes,1,no,1
3663,no,no,no,1,yes,1
3664,no,yes,no,1,yes,1
3665,yes,no,no,1,no,0
3666,yes,yes,yes,1,no,1
3667,no,no,no,2,no,0
3668,yes,yes,yes,1,no,1
3669,no,no,no,1,no,0
3670,yes,yes,yes,1,yes,1
3671,yes,no,no,1,no,0
3672,yes,no,no,1,no,0
3673,yes,no,no,4,yes,1
3674,no,no,no,1,no,0
3675,no,no,no,1,no,0
3676,no,no,no,4,no,0
3677,no,no,no,1,no,0
3678,no,no,no,2,no,0
3679,no,yes,yes,1,yes,1
3680,no,no,no,1,no,0
3681,no,no,no,1,no,0
3682,yes,no,no,1,yes,1
3683,no,no,no,1,no,0
3684,yes,yes,yes,1,no,1
3685,no,no,no,1,no,0
3686,no,no,no,1,no,0
3687,yes,no,no,1,no,0
3688,yes,no,no,1,yes,1
3689,yes,no,yes,1,no,1
3690,no,no,no,1,no,0
3691,no,no,no,1,no,0
3692,no,no,no,1,yes,1
3693,no,no,no,1,no,0
3694,yes,no,yes,1,no,1
3695,yes,no,no,1,no,0
3696,no,yes,yes,2,no,1
3697,yes,no,no,1,no,0
3698,no,no,no,1,no,0
3699,yes,yes,yes,1,no,1
3700,no,no,no,2,no,0
3701,no,no,no,1,no,0
3703,yes,no,no,1,no,0
3704,no,no,no,1,no,0
3705,no,no,no,1,no,0
3706,no,no,no,2,no,0
3707,no,no,no,2,no,0
3708,no,no,no,1,no,0
3709,no,no,no,1,no,0
3710,no,no,no,2,no,0
3711,no,no,no,2,yes,1
3712,no,no,no,1,no,0
3713,no,no,no,2,no,0
3714,no,no,no,4,no,0
3715,no,no,no,2,no,0
3716,no,no,no,1,no,0
3717,no,yes,no,1,no,1
3718,yes,no,no,1,yes,1
3719,yes,yes,yes,1,yes,1
3720,yes,yes,yes,2,no,1
3721,no,no,no,1,no,0
3722,no,no,no,2,no,0
3723,no,no,no,4,no,0
3724,no,no,no,1,no,0
3725,no,no,no,2,no,0
3726,no,no,no,2,no,0
3727,yes,no,no,1,no,0
3728,yes,yes,yes,1,yes,1
3729,yes,no,no,1,no,0
3730,no,no,yes,1,yes,1
3731,yes,yes,yes,4,no,1
3732,no,no,no,1,no,0
3733,no,no,no,2,no,0
3734,no,no,no,2,no,0
3735,yes,yes,yes,1,no,1
3736,yes,no,no,1,yes,1
3737,yes,yes,yes,1,no,1
3738,yes,no,no,1,no,0
3739,no,no,no,2,no,0
3740,no,no,no,4,no,0
3741,yes,no,yes,1,no,1
3742,no,no,no,2,yes,1
3743,yes,yes,yes,1,no,1
3744,yes,yes,yes,1,yes,1
3745,no,no,no,1,no,0
3746,no,no,no,1,no,0
3747,no,no,no,2,no,0
3748,yes,no,no,1,no,0
3749,yes,yes,yes,1,yes,1
3750,no,no,no,2,no,0
3751,no,no,no,2,no,0
3752,yes,no,no,1,yes,1
3753,no,no,no,4,no,0
3754,no,no,no,2,yes,1
3755,no,no,no,2,no,0
3756,no,no,no,1,no,0
3757,no,no,yes,1,no,1
3758,yes,no,no,1,no,0
3759,yes,no,no,1,no,0
3760,no,no,no,1,yes,1
3761,yes,yes,yes,1,yes,1
3762,no,no,no,1,no,0
3763,no,no,no,1,yes,1
3764,no,no,no,1,no,0
3765,no,no,no,2,no,0
3766,no,no,no,4,yes,1
3767,yes,yes,no,1,no,1
3768,yes,yes,yes,1,yes,1
3769,yes,yes,no,1,no,1
3770,no,no,no,2,no,0
3771,no,no,no,4,no,0
3772,no,no,no,1,no,0
3773,no,no,no,1,no,0
3774,no,yes,yes,1,no,1
3775,no,yes,yes,1,yes,1
3776,no,yes,yes,1,no,1
3777,no,no,no,2,no,0
3778,yes,no,no,1,no,0
3779,yes,yes,no,1,no,1
3780,no,no,no,2,no,0
3781,no,no,no,4,yes,1
3782,yes,no,no,1,no,0
3783,no,no,no,1,no,0
3784,yes,yes,yes,1,no,1
3785,no,yes,no,2,no,1
3786,yes,no,no,1,no,0
3787,no,no,no,1,no,0
3788,no,no,no,2,no,0
3789,yes,yes,yes,1,no,1
3790,no,yes,no,1,yes,1
3791,no,no,no,2,yes,1
3792,no,no,no,2,no,0
3793,no,no,no,1,yes,1
3794,yes,no,no,1,no,0
3795,no,no,no,4,no,0
3796,no,no,no,4,no,0
3797,no,no,no,1,yes,1
3798,no,no,no,2,no,0
3799,no,no,no,2,no,0
3800,no,no,no,2,no,0
3801,no,no,no,1,no,0
3802,no,no,no,2,no,0
3803,no,yes,yes,1,yes,1
3804,yes,no,no,4,yes,1
3805,no,no,no,2,no,0
3806,yes,no,no,4,no,0
3807,no,no,yes,2,no,1
3808,yes,no,no,4,yes,1
3809,yes,no,no,1,yes,1
3810,no,no,no,2,no,0
3811,no,no,no,1,no,0
3812,no,no,no,1,no,0
3813,no,no,no,2,yes,1
3814,no,no,no,1,no,0
3815,no,no,no,1,no,0
3816,no,yes,yes,1,no,1
3817,yes,no,yes,1,no,1
3818,no,yes,yes,1,no,1
3819,no,no,no,1,no,0
3820,no,no,no,2,no,0
3821,no,no,no,1,no,0
3822,no,no,no,1,no,0
3823,no,no,no,2,no,0
3824,no,no,no,2,yes,1
3825,no,no,yes,4,no,1
3826,no,no,no,4,no,0
3827,no,no,yes,1,yes,1
3828,yes,no,no,2,no,0
3829,no,no,no,1,no,0
3830,no,no,no,1,no,0
3831,no,no,no,1,yes,1
3832,no,no,no,1,no,0
3834,no,no,no,2,no,0
3835,no,no,no,1,yes,1
3836,no,no,no,1,no,0
3837,yes,yes,yes,4,yes,1
3838,no,no,no,2,no,0
3839,yes,yes,yes,2,no,1
3840,no,no,no,1,no,0
3841,yes,no,no,1,no,0
3842,no,no,no,1,no,0
3843,no,no,yes,1,no,1
3844,no,no,no,1,no,0
3845,no,no,no,4,no,0
3846,no,no,yes,1,no,1
3847,yes,yes,yes,1,no,1
3848,yes,no,no,1,no,0
3849,yes,yes,yes,1,yes,1
3850,yes,no,no,4,yes,1
3851,no,no,no,4,yes,1
3852,no,no,no,4,no,0
3853,no,no,yes,2,no,1
3854,no,no,no,2,no,0
3855,no,no,no,1,no,0
3856,no,no,no,1,no,0
3857,yes,yes,yes,1,no,1
3858,yes,no,no,2,yes,1
3859,no,no,no,4,yes,1
3860,yes,no,no,2,no,0
3861,no,no,no,1,no,0
3862,no,no,no,1,yes,1
3863,no,no,no,1,no,0
3864,yes,yes,yes,1,no,1
3866,no,no,no,1,no,0
3867,no,no,no,1,no,0
3868,no,no,no,2,no,0
3869,no,no,no,4,yes,1
3870,no,no,no,2,no,0
3871,yes,no,no,2,no,0
3872,yes,no,no,1,yes,1
3874,no,no,no,2,no,0
3876,no,no,no,4,yes,1
3877,no,no,no,1,yes,1
3878,no,no,no,1,no,0
3879,no,no,no,1,yes,1
3881,yes,no,no,1,no,0
3882,no,no,no,4,no,0
3883,no,no,no,2,no,0
3884,no,no,yes,2,yes,1
3885,no,no,no,2,no,0
3886,no,no,no,1,no,0
3887,no,no,no,4,no,0
3888,no,no,no,2,no,0
3889,no,no,no,2,no,0
3890,no,no,no,1,no,0
3891,yes,no,no,1,no,0
3892,no,no,no,4,no,0
3893,yes,yes,yes,1,no,1
3894,no,yes,yes,1,no,1
3895,no,yes,yes,2,no,1
3896,no,no,no,1,no,0
3897,no,yes,yes,1,yes,1
3898,no,no,no,1,no,0
3899,yes,yes,yes,1,yes,1
3900,no,no,no,1,no,0
3901,no,no,no,2,no,0
3902,no,no,no,4,yes,1
3903,yes,no,no,1,yes,1
3904,yes,no,no,2,no,0
3905,no,no,no,1,no,0
3906,no,no,no,2,no,0
3907,no,no,no,4,yes,1
3908,no,no,no,2,yes,1
3909,yes,yes,yes,1,no,1
3910,yes,no,no,1,no,0
3911,no,no,no,1,no,0
3912,no,no,no,2,no,0
3913,no,no,no,4,yes,1
3914,no,no,no,2,no,0
3915,no,no,no,1,no,0
3916,yes,no,no,2,no,0
3917,no,no,yes,1,no,1
3918,no,no,no,1,no,0
3919,yes,no,no,1,no,0
3920,yes,no,no,1,no,0
3921,yes,yes,yes,4,no,1
3922,yes,no,no,1,yes,1
3923,yes,no,no,4,no,0
3924,no,no,no,1,yes,1
3925,yes,no,no,2,no,0
3926,no,no,no,1,yes,1
3927,yes,no,no,1,no,0
3928,no,no,no,1,no,0
3929,no,yes,yes,1,no,1
3930,no,no,no,1,no,0
3931,yes,yes,yes,1,no,1
3932,no,no,no,4,no,0
3933,no,no,no,2,no,0
3934,no,no,no,1,no,0
3935,yes,no,no,2,no,0
3936,no,no,no,4,no,0
3937,no,no,no,1,no,0
3938,no,no,no,1,no,0
3939,no,no,no,2,no,0
3940,no,no,no,2,yes,1
3941,no,no,no,4,no,0
3942,no,no,no,1,no,0
3943,no,no,no,4,no,0
3944,no,no,no,2,no,0
3945,no,no,no,2,no,0
3946,yes,no,no,1,no,0
3947,no,yes,no,1,no,1
3948,no,yes,yes,1,no,1
3949,no,no,no,4,no,0
3950,yes,no,no,1,no,0
3952,yes,yes,yes,1,no,1
3953,no,yes,yes,1,no,1
3954,no,no,no,4,no,0
3955,no,no,no,2,no,0
3956,no,no,no,1,no,0
3957,no,no,no,1,no,0
3958,no,no,no,2,no,0
3959,no,no,no,1,yes,1
3960,no,no,no,1,yes,1
3961,no,no,no,1,no,0
3962,no,no,no,1,yes,1
3963,yes,no,no,1,no,0
3964,no,no,no,2,no,0
3965,no,no,no,2,no,0
3966,yes,yes,yes,1,no,1
3967,yes,yes,yes,1,yes,1
3968,no,no,no,4,yes,1
3969,no,no,no,2,yes,1
3970,no,no,no,2,no,0
3971,no,no,no,1,yes,1
3972,yes,yes,yes,1,no,1
3973,no,no,no,1,no,0
3974,no,no,no,2,no,0
3975,no,no,no,2,no,0
3976,yes,no,no,1,no,0
3977,no,no,no,2,no,0
3978,no,no,no,2,no,0
3979,yes,yes,yes,4,no,1
3980,no,no,no,1,no,0
3981,no,no,no,4,yes,1
3982,no,no,no,1,yes,1
3983,yes,no,no,4,yes,1
3984,no,no,no,4,no,0
3985,yes,no,no,1,no,0
3986,no,no,no,1,no,0
3987,no,no,yes,1,no,1
3989,no,no,no,2,no,0
3990,no,no,no,2,no,0
3991,yes,no,no,4,no,0
3992,no,no,no,4,no,0
3993,no,no,no,2,no,0
3994,no,no,no,2,no,0
3995,no,no,no,2,no,0
3996,no,no,no,2,no,0
3997,no,no,no,1,no,0
3998,no,no,no,1,yes,1
3999,no,no,no,1,no,0
4001,no,yes,yes,1,yes,1
4002,no,no,no,1,yes,1
4003,no,yes,yes,1,no,1
4004,no,no,no,1,no,0
4005,no,no,no,2,no,0
4006,no,no,no,1,no,0
4007,yes,yes,yes,1,no,1
4008,no,no,no,4,yes,1
4009,no,no,no,1,no,0
4010,no,no,no,2,no,0
4011,yes,no,no,4,yes,1
4012,no,no,no,1,no,0
4013,no,no,no,1,yes,1
4014,yes,no,no,1,no,0
4015,no,no,no,1,no,0
4016,no,no,no,2,no,0
4017,no,no,no,1,no,0
4018,no,no,no,1,yes,1
4019,no,no,no,1,yes,1
4020,no,no,no,2,no,0
4021,no,no,no,4,no,0
4022,no,no,no,1,yes,1
4023,no,no,no,2,no,0
4024,no,no,no,1,no,0
4025,no,no,no,1,yes,1
4027,no,no,no,2,yes,1
4028,no,no,no,4,yes,1
4029,no,no,no,2,yes,1
4030,no,yes,yes,1,yes,1
4031,no,yes,no,1,no,1
4032,no,no,no,2,no,0
4033,no,no,yes,2,no,1
4034,no,no,no,2,no,0
4035,yes,no,yes,1,yes,1
4036,yes,no,no,1,no,0
4037,no,no,no,1,no,0
4038,no,no,no,1,yes,1
4039,yes,no,no,1,no,0
4040,no,no,no,1,no,0
4041,no,no,no,1,no,0
4042,no,yes,yes,1,yes,1
4043,no,no,no,4,yes,1
4044,yes,no,no,4,no,0
4045,yes,no,yes,1,no,1
4046,yes,yes,yes,1,yes,1
4047,no,no,no,4,no,0
4048,yes,no,no,2,no,0
4049,yes,no,no,1,no,0
4050,no,no,no,4,yes,1
4051,yes,yes,yes,2,no,1
4052,no,no,no,4,no,0
4053,no,no,no,2,no,0
4054,no,no,no,2,no,0
4055,no,no,no,2,no,0
4056,yes,no,no,1,yes,1
4058,no,no,no,1,no,0
4059,no,no,no,1,no,0
4060,no,no,no,1,no,0
4061,yes,yes,yes,2,no,1
4062,no,no,no,2,no,0
4063,no,no,no,1,no,0
4064,no,no,no,1,no,0
4065,yes,no,no,1,no,0
4066,no,no,no,2,no,0
4067,no,no,no,2,no,0
4068,yes,yes,yes,1,no,1
4069,no,yes,yes,1,no,1
4070,no,no,no,2,no,0
4071,yes,no,no,1,no,0
4072,no,no,no,4,no,0
4073,no,no,no,4,no,0
4074,no,no,no,1,no,0
4075,yes,yes,yes,2,no,1
4076,no,no,no,1,no,0
4077,no,no,no,1,no,0
4078,no,yes,yes,1,no,1
4079,no,no,no,2,no,0
4080,no,no,no,2,no,0
4081,yes,no,no,2,no,0
4082,no,yes,no,1,no,1
4083,no,no,no,4,no,0
4084,yes,no,no,1,yes,1
4085,yes,no,no,1,no,0
4086,yes,no,no,4,yes,1
4087,no,no,no,4,yes,1
4088,no,no,no,1,no,0
4089,no,no,no,2,no,0
4090,yes,no,no,4,no,0
4091,yes,no,no,1,yes,1
4092,yes,no,no,1,no,0
4093,yes,no,no,4,no,0
4094,no,no,no,1,no,0
4095,no,no,no,4,yes,1
4096,no,no,no,1,no,0
4097,yes,no,no,1,yes,1
4098,no,no,no,1,no,0
4099,no,no,no,2,no,0
4100,no,no,no,2,no,0
4101,no,no,no,2,no,0
4102,no,no,no,1,no,0
4103,no,no,no,1,no,0
4104,no,no,no,1,no,0
4105,no,no,no,1,no,0
4106,no,no,no,1,no,0
4107,no,no,no,1,yes,1
4108,no,no,no,1,yes,1
4109,no,no,no,1,no,0
4110,no,no,no,1,yes,1
4112,no,no,no,1,no,0
4113,no,no,no,1,no,0
4114,no,no,no,1,no,0
4115,no,no,no,1,no,0
4116,no,yes,yes,1,yes,1
4117,no,no,no,1,yes,1
4118,no,no,no,4,no,0
4119,yes,no,no,2,no,0
4120,yes,yes,yes,1,no,1
4121,no,yes,yes,1,yes,1
4122,no,no,no,1,no,0
4123,no,no,no,2,no,0
4124,no,no,yes,1,yes,1
4125,no,yes,yes,1,no,1
4126,yes,no,no,4,no,0
4127,no,no,no,1,no,0
4129,yes,no,no,1,yes,1
4130,no,yes,yes,1,yes,1
4131,yes,no,no,1,no,0
4132,no,no,no,2,no,0
4133,yes,yes,yes,1,no,1
4134,yes,no,no,1,yes,1
4135,no,no,no,4,no,0
4136,yes,no,no,2,no,0
4137,no,no,no,1,no,0
4138,yes,no,no,1,no,0
4139,yes,no,no,2,no,0
4140,yes,yes,yes,2,no,1
4141,no,no,no,2,no,0
4142,no,no,no,4,yes,1
4143,no,no,no,4,no,0
4144,no,no,no,1,no,0
4145,no,no,no,4,no,0
4146,no,no,no,1,no,0
4147,no,no,no,1,no,0
4148,yes,yes,yes,1,no,1
4149,no,no,no,1,yes,1
4150,no,no,no,1,no,0
4151,no,no,no,2,yes,1
4152,no,no,no,1,no,0
4153,yes,no,no,1,yes,1
4154,yes,no,no,2,no,0
4155,no,no,no,1,no,0
4156,yes,no,yes,1,yes,1
4157,no,no,no,2,yes,1
4158,no,no,no,2,no,0
4159,no,no,no,4,yes,1
4160,no,no,no,1,no,0
4161,no,no,no,2,no,0
4162,no,no,no,1,no,0
4163,no,no,no,1,no,0
4164,yes,yes,yes,1,yes,1
4165,no,yes,yes,1,no,1
4166,no,no,no,1,no,0
4167,yes,no,no,4,yes,1
4168,no,no,no,2,no,0
4169,no,no,yes,1,yes,1
4170,yes,yes,yes,1,no,1
4171,no,no,no,2,no,0
4172,yes,yes,yes,1,no,1
4173,no,no,no,2,yes,1
4174,no,no,no,2,no,0
4175,no,no,no,4,no,0
4176,yes,no,no,2,no,0
4177,no,yes,yes,1,no,1
4178,no,no,no,1,yes,1
4179,no,no,yes,1,yes,1
4180,no,no,no,1,yes,1
4181,no,no,no,2,no,0
4182,yes,no,yes,1,no,1
4183,no,no,no,1,no,0
4184,no,no,no,1,no,0
4185,no,no,no,2,no,0
4186,no,no,no,2,no,0
4187,no,no,no,1,yes,1
4188,no,no,no,2,no,0
4189,no,no,no,2,no,0
4190,no,yes,yes,1,yes,1
4191,no,no,yes,1,no,1
4192,no,yes,yes,1,no,1
4193,no,no,no,1,no,0
4194,no,no,no,1,no,0
4195,no,no,no,1,no,0
4196,yes,no,no,1,no,0
4197,yes,yes,yes,1,yes,1
4198,no,no,no,2,yes,1
4199,no,yes,yes,1,no,1
4200,no,no,no,2,no,0
4201,no,no,no,1,no,0
4202,yes,yes,yes,1,yes,1
4204,yes,no,yes,1,no,1
4205,no,no,no,2,no,0
4206,no,no,no,1,no,0
4207,no,no,no,1,no,0
4208,no,no,no,2,no,0
4209,no,no,no,4,no,0
4210,no,no,no,4,yes,1
4211,no,no,yes,1,yes,1
4212,yes,yes,yes,1,no,1
4213,yes,no,no,1,no,0
4214,no,yes,yes,1,no,1
4215,no,no,no,1,yes,1
4216,no,yes,yes,1,no,1
4217,yes,yes,yes,1,yes,1
4218,yes,no,no,1,yes,1
4219,no,yes,yes,1,no,1
4220,no,no,no,1,yes,1
4221,no,no,no,2,no,0
4222,no,no,no,1,yes,1
4223,no,no,no,1,yes,1
4224,no,no,no,1,yes,1
4225,yes,no,no,2,no,0
4226,yes,yes,yes,1,no,1
4227,no,no,no,2,no,0
4228,no,yes,yes,1,no,1
4229,no,no,yes,1,no,1
4230,yes,yes,yes,1,no,1
4231,no,no,no,2,no,0
4232,yes,yes,yes,1,no,1
4233,no,no,no,1,no,0
4234,yes,no,no,1,no,0
4235,no,yes,no,1,no,1
4236,no,no,no,1,no,0
4237,no,no,no,2,no,0
4238,no,no,no,1,no,0
4239,yes,no,no,4,no,0
4240,no,no,no,1,no,0
4241,no,no,no,2,yes,1
4242,no,no,no,2,no,0
4243,no,yes,yes,1,no,1
4244,no,no,no,1,no,0
4245,yes,no,no,1,no,0
4246,no,no,no,2,no,0
4247,no,no,no,2,no,0
4248,no,no,no,2,no,0
4249,no,no,no,4,no,0
4250,no,no,no,4,no,0
4251,yes,yes,yes,1,yes,1
4252,no,no,no,4,yes,1
4254,no,no,no,4,no,0
4255,no,no,no,1,no,0
4256,no,no,no,2,no,0
4257,yes,no,no,1,no,0
4258,no,yes,yes,1,no,1
4259,no,no,no,1,no,0
4260,no,no,no,1,no,0
4261,no,no,no,1,no,0
4262,no,no,no,1,yes,1
4264,yes,yes,yes,1,no,1
4265,no,no,no,1,no,0
4266,yes,yes,yes,1,yes,1
4267,no,no,no,1,no,0
4268,no,yes,yes,1,no,1
4269,no,no,no,1,yes,1
4270,yes,yes,yes,4,no,1
4271,no,no,no,2,no,0
4272,no,no,no,1,no,0
4273,no,no,yes,1,no,1
4274,no,no,no,1,no,0
4275,yes,no,no,1,no,0
4277,no,no,no,1,yes,1
4278,no,no,no,2,no,0
4279,no,no,yes,4,no,1
4280,no,no,no,1,yes,1
4281,no,no,no,1,no,0
4282,yes,yes,yes,4,no,1
4283,no,no,no,4,no,0
4284,no,no,no,1,no,0
4285,no,no,no,1,no,0
4286,yes,yes,yes,1,yes,1
4287,no,no,no,2,no,0
4288,no,no,no,1,no,0
4289,no,no,no,4,yes,1
4290,no,no,no,2,no,0
4291,no,no,no,1,yes,1
4292,no,no,no,1,yes,1
4293,no,no,no,1,no,0
4294,yes,no,no,1,no,0
4295,no,no,no,1,yes,1
4296,no,no,no,1,no,0
4297,yes,no,no,1,no,0
4298,no,no,no,1,no,0
4299,no,no,no,1,yes,1
4300,no,no,no,2,no,0
4301,no,no,no,1,yes,1
4302,no,yes,yes,1,no,1
4303,yes,no,no,1,no,0
4304,yes,no,no,4,no,0
4305,no,no,no,1,no,0
4306,no,no,no,1,no,0
4307,no,no,no,2,no,0
4308,no,no,no,1,yes,1
4309,no,no,no,2,no,0
4310,no,no,no,2,no,0
4311,no,no,no,4,no,0
4312,yes,yes,yes,1,no,1
4313,no,no,no,4,yes,1
4314,no,no,no,1,no,0
4315,no,no,no,2,no,0
4316,no,yes,yes,1,no,1
4317,no,no,no,2,no,0
4318,no,no,no,2,no,0
4319,no,no,no,1,no,0
4320,no,no,no,1,yes,1
4321,yes,yes,yes,1,yes,1
4322,no,no,no,1,no,0
4323,yes,yes,yes,1,no,1
4324,no,no,no,1,no,0
4325,no,no,no,1,no,0
4326,no,no,no,1,yes,1
4327,no,no,no,2,no,0
4328,yes,yes,yes,1,no,1
4329,no,no,no,4,no,0
4330,no,no,no,1,no,0
4331,no,no,no,4,no,0
4332,no,no,no,2,no,0
4333,no,no,no,4,no,0
4334,yes,no,yes,1,no,1
4335,no,no,no,1,yes,1
4336,no,no,no,1,yes,1
4337,no,no,no,1,no,0
4338,no,no,no,1,no,0
4339,no,no,no,2,no,0
4340,yes,no,no,1,yes,1
4341,yes,no,no,4,no,0
4342,yes,yes,yes,2,no,1
4343,no,no,no,1,no,0
4344,no,no,no,2,no,0
4345,no,no,no,2,no,0
4347,no,no,no,2,yes,1
4348,yes,yes,yes,1,no,1
4349,no,no,no,2,no,0
4351,no,yes,yes,1,yes,1
4352,no,yes,yes,1,yes,1
4353,yes,no,no,1,no,0
4354,no,no,no,2,no,0
4355,no,no,no,1,no,0
4356,no,no,no,1,no,0
4357,yes,no,no,1,no,0
4358,no,no,no,1,no,0
4359,no,no,yes,1,no,1
4360,no,no,no,2,no,0
4361,yes,no,no,1,no,0
4362,no,yes,yes,1,yes,1
4363,no,no,no,2,no,0
4364,yes,yes,yes,1,no,1
4365,no,no,no,2,no,0
4366,no,no,no,2,yes,1
4367,yes,no,no,1,no,0
4368,yes,no,no,1,no,0
4369,no,no,no,1,no,0
4370,yes,no,no,2,no,0
4371,yes,yes,yes,1,no,1
4372,no,yes,yes,1,yes,1
4373,yes,no,no,2,no,0
4374,no,no,no,2,no,0
4375,no,no,no,1,no,0
4376,no,no,no,1,yes,1
4377,yes,yes,yes,1,no,1
4378,no,no,no,2,no,0
4379,no,no,no,2,no,0
4380,no,no,no,4,no,0
4381,no,no,no,2,no,0
4382,no,no,no,2,no,0
4383,no,no,no,2,yes,1
4384,no,no,no,1,no,0
4385,no,no,no,2,no,0
4386,no,no,no,2,no,0
4387,no,no,no,1,yes,1
4388,yes,no,no,1,no,0
4389,no,no,no,1,no,0
4390,no,no,no,2,no,0
4391,no,no,no,1,no,0
4392,no,no,no,1,no,0
4393,yes,no,no,4,no,0
4394,no,no,no,4,no,0
4395,no,no,no,1,yes,1
4396,no,no,no,2,no,0
4397,no,no,no,1,no,0
4398,no,no,yes,1,no,1
4400,no,no,no,1,no,0
4401,yes,no,no,2,no,0
4402,no,no,no,4,no,0
4403,no,no,no,4,no,0
4404,no,no,no,4,no,0
4405,no,no,no,1,no,0
4406,no,no,no,1,no,0
4407,no,no,no,4,no,0
4408,no,yes,no,1,yes,1
4409,yes,no,no,2,no,0
4410,no,no,no,1,yes,1
4411,no,no,no,4,no,0
4412,yes,no,no,1,no,0
4413,no,no,no,1,no,0
4414,no,no,no,2,no,0
4415,no,no,no,4,no,0
4416,no,no,no,1,no,0
4417,yes,no,no,1,no,0
4418,no,no,no,1,no,0
4419,no,no,no,4,no,0
4420,no,no,no,2,no,0
4422,no,no,no,4,no,0
4423,no,no,no,2,no,0
4424,yes,yes,yes,1,no,1
4425,no,no,no,2,no,0
4426,yes,no,no,1,no,0
4427,no,yes,yes,1,no,1
4428,yes,yes,yes,4,no,1
4429,no,no,no,2,no,0
4430,no,yes,yes,1,yes,1
4431,no,no,no,1,no,0
4432,no,no,no,1,no,0
4433,no,no,no,1,no,0
4434,yes,no,no,1,no,0
4435,no,no,no,2,no,0
4436,no,no,no,4,no,0
4437,no,no,no,1,no,0
4439,yes,no,no,1,no,0
4440,yes,no,no,1,no,0
4441,no,yes,yes,1,yes,1
4442,no,no,no,1,yes,1
4443,yes,no,no,2,no,0
4444,yes,no,yes,1,yes,1
4445,no,no,no,1,yes,1
4447,no,no,no,2,no,0
4448,yes,no,no,4,yes,1
4449,no,no,no,1,yes,1
4450,yes,no,no,4,yes,1
4451,no,no,no,2,no,0
4452,no,no,no,4,no,0
4453,yes,no,no,1,yes,1
4454,no,no,no,4,yes,1
4455,yes,no,no,1,no,0
4456,no,no,no,1,no,0
4457,yes,no,no,1,no,0
4458,yes,no,no,2,no,0
4459,no,no,no,1,no,0
4460,no,no,no,1,no,0
4461,no,no,no,4,no,0
4462,no,yes,yes,1,no,1
4463,no,no,yes,1,no,1
4464,no,no,no,1,no,0
4465,no,no,no,2,yes,1
4466,no,no,no,1,no,0
4467,no,no,no,1,no,0
4468,no,yes,yes,1,no,1
4469,no,no,no,1,no,0
4470,yes,no,no,1,no,0
4471,yes,no,yes,1,yes,1
4472,no,no,no,2,no,0
4473,no,no,no,1,no,0
4474,no,no,no,1,no,0
4475,no,no,no,4,no,0
4477,no,no,no,2,no,0
4478,no,yes,yes,1,no,1
4479,no,no,no,2,no,0
4480,yes,no,no,4,no,0
4481,no,no,no,2,no,0
4482,no,no,no,1,no,0
4483,no,no,no,2,no,0
4484,yes,yes,yes,1,no,1
4485,yes,no,no,1,no,0
4486,no,no,no,1,no,0
4487,no,no,no,1,yes,1
4488,no,no,no,2,no,0
4489,no,no,no,4,yes,1
4490,no,no,no,2,no,0
4491,no,no,no,4,no,0
4492,yes,yes,yes,1,no,1
4493,yes,yes,yes,1,no,1
4494,no,no,yes,1,no,1
4495,yes,no,yes,1,yes,1
4496,no,no,no,2,no,0
4497,no,no,no,2,yes,1
4498,yes,yes,yes,1,no,1
4499,no,no,yes,1,no,1
4500,yes,yes,yes,1,no,1
4501,no,no,no,1,no,0
4502,yes,yes,yes,1,no,1
4503,yes,yes,yes,1,no,1
4504,no,no,no,1,no,0
4505,no,no,no,1,no,0
4506,no,no,no,2,no,0
4507,no,no,no,4,no,0
4508,yes,no,no,1,yes,1
4509,yes,yes,yes,1,yes,1
4510,no,yes,yes,1,yes,1
4511,no,no,no,1,yes,1
4512,no,no,no,1,no,0
4513,no,no,no,4,yes,1
4514,no,no,no,4,no,0
4515,yes,no,no,1,no,0
4516,no,no,no,1,no,0
4517,no,no,no,4,no,0
4518,no,no,no,4,no,0
4519,yes,yes,yes,2,no,1
4520,no,no,no,2,no,0
4521,no,no,no,2,yes,1
4522,no,no,no,4,no,0
4523,no,no,no,1,no,0
4524,no,no,no,1,yes,1
4525,no,no,yes,1,no,1
4526,yes,yes,yes,1,no,1
4527,yes,yes,yes,1,yes,1
4528,no,no,no,2,no,0
4529,yes,yes,no,1,no,1
4530,no,no,no,2,yes,1
4531,no,no,no,1,no,0
4532,no,no,no,1,no,0
4533,no,no,no,4,no,0
4534,no,no,no,4,no,0
4535,yes,no,no,2,no,0
4536,yes,no,no,1,yes,1
4537,no,no,no,1,yes,1
4538,yes,no,no,1,no,0
4539,no,no,no,1,yes,1
4540,yes,no,no,1,no,0
4541,no,yes,yes,1,no,1
4542,no,no,no,4,no,0
4543,no,no,no,1,no,0
4544,no,no,no,1,no,0
4546,yes,no,no,1,no,0
4547,yes,no,no,2,no,0
4548,no,yes,yes,1,no,1
4550,no,no,no,1,no,0
4551,no,no,no,4,no,0
4552,yes,yes,no,1,no,1
4553,no,no,yes,1,yes,1
4554,no,no,no,1,no,0
4555,yes,no,no,1,yes,1
4556,yes,no,no,4,yes,1
4557,no,no,no,1,no,0
4558,no,no,no,4,no,0
4559,no,no,no,1,no,0
4560,no,no,no,4,no,0
4561,no,no,no,1,yes,1
4562,no,no,no,2,no,0
4563,no,no,no,1,no,0
4564,yes,no,yes,1,yes,1
4565,no,no,no,4,yes,1
4566,no,no,no,4,no,0
4567,no,no,no,1,yes,1
4569,no,no,no,1,no,0
4570,no,no,no,4,no,0
4571,no,no,no,4,no,0
4572,no,no,yes,1,yes,1
4573,no,yes,yes,1,yes,1
4574,no,no,no,1,no,0
4575,yes,no,no,1,no,0
4576,yes,yes,yes,1,no,1
4577,no,no,no,1,no,0
4578,yes,yes,yes,2,no,1
4579,no,yes,yes,1,yes,1
4580,no,no,no,1,no,0
4581,no,no,no,2,no,0
4582,no,no,yes,1,no,1
4583,no,no,no,4,yes,1
4584,yes,yes,yes,1,no,1
4585,no,no,no,1,yes,1
4586,no,no,no,2,no,0
4587,no,no,no,2,no,0
4588,yes,yes,yes,1,no,1
4589,no,no,no,1,yes,1
4590,no,no,no,2,no,0
4591,yes,yes,yes,1,no,1
4592,yes,no,no,1,no,0
4593,no,no,no,1,no,0
4594,no,no,no,1,yes,1
4595,no,no,no,2,yes,1
4596,yes,yes,yes,1,no,1
4597,no,no,no,2,no,0
4598,yes,yes,yes,1,no,1
4599,no,no,no,4,no,0
4600,no,no,no,1,no,0
4601,no,no,no,1,yes,1
4602,no,no,no,2,no,0
4603,no,no,no,2,no,0
4604,no,no,no,2,no,0
4605,no,yes,no,1,no,1
4606,yes,yes,yes,1,no,1
4607,yes,yes,yes,1,no,1
4608,no,no,no,1,yes,1
4609,no,no,no,2,no,0
4610,yes,no,no,1,no,0
4611,yes,no,no,2,no,0
4612,no,no,no,4,no,0
4613,yes,no,no,1,no,0
4614,no,no,no,1,no,0
4615,no,yes,yes,2,no,1
4616,yes,yes,yes,1,no,1
4617,yes,no,no,2,no,0
4618,yes,yes,yes,1,no,1
4619,no,no,no,2,no,0
4620,no,no,no,1,no,0
4621,no,no,no,2,no,0
4622,yes,yes,yes,2,no,1
4623,no,no,no,1,no,0
4624,no,no,no,1,no,0
4625,yes,yes,yes,2,yes,1
4626,no,no,no,1,no,0
4627,no,no,no,4,no,0
4628,no,no,no,1,no,0
4629,no,no,no,1,no,0
4630,no,no,no,2,no,0
4631,no,no,no,2,no,0
4632,no,no,no,1,no,0
4633,no,no,no,1,yes,1
4634,yes,yes,yes,1,yes,1
4635,yes,no,yes,1,no,1
4636,no,no,no,1,no,0
4637,yes,no,no,1,no,0
4638,yes,no,no,2,no,0
4639,no,no,no,2,no,0
4640,no,no,yes,1,no,1
4641,yes,yes,yes,1,no,1
4642,no,no,no,2,no,0
4643,no,no,no,1,yes,1
4644,no,no,no,4,no,0
4645,no,no,no,1,yes,1
4646,no,no,no,1,no,0
4647,no,no,no,2,no,0
4648,yes,yes,yes,1,no,1
4649,yes,no,no,1,yes,1
4650,yes,yes,yes,1,yes,1
4651,no,no,no,2,no,0
4652,no,no,yes,1,no,1
4653,no,no,no,2,yes,1
4654,no,no,no,2,no,0
4655,no,no,no,1,no,0
4656,yes,yes,yes,1,no,1
4657,no,no,no,1,yes,1
4658,no,no,no,4,yes,1
4659,no,no,no,2,no,0
4660,yes,no,no,1,no,0
4661,yes,yes,yes,1,no,1
4662,yes,yes,yes,1,no,1
4663,no,no,no,2,no,0
4664,no,no,no,2,no,0
4665,no,no,no,2,no,0
4666,no,no,no,1,yes,1
4667,no,no,no,1,no,0
4668,no,no,no,2,no,0
4669,no,no,yes,1,no,1
4670,no,no,no,2,no,0
4671,no,no,no,1,yes,1
4672,no,no,no,4,yes,1
4673,no,no,no,2,no,0
4674,yes,no,no,2,no,0
4675,no,yes,yes,1,no,1
4676,no,no,no,1,no,0
4677,yes,yes,yes,1,no,1
4678,no,yes,yes,1,no,1
4679,no,no,no,1,no,0
4680,no,no,no,1,no,0
4681,no,no,yes,1,yes,1
4682,yes,no,no,4,no,0
4683,yes,yes,yes,1,yes,1
4684,no,no,no,1,yes,1
4685,no,yes,yes,1,yes,1
4686,no,yes,yes,1,no,1
4687,yes,no,no,1,no,0
4688,no,no,no,1,no,0
4689,no,no,no,4,yes,1
4690,yes,no,no,2,no,0
4691,yes,no,no,1,no,0
4692,yes,yes,yes,1,yes,1
4693,yes,no,no,1,no,0
4694,yes,no,no,1,yes,1
4695,yes,no,no,1,yes,1
4696,no,no,no,2,no,0
4697,no,no,yes,1,yes,1
4698,yes,no,no,1,no,0
4699,no,no,no,1,yes,1
4700,no,yes,yes,1,yes,1
4701,no,no,no,2,no,0
4702,no,no,no,1,no,0
4703,no,no,no,2,yes,1
4704,yes,no,no,1,no,0
4705,no,no,no,1,no,0
4706,no,no,no,2,no,0
4707,no,no,no,2,yes,1
4708,no,no,no,1,yes,1
4709,yes,yes,yes,2,no,1
4710,no,yes,yes,1,no,1
4711,no,no,no,1,no,0
4712,no,no,no,2,no,0
4713,no,no,no,4,no,0
4714,yes,no,no,2,no,0
4715,yes,no,no,1,no,0
4716,no,no,no,2,no,0
4717,yes,no,yes,1,no,1
4718,no,no,no,1,no,0
4719,no,yes,yes,1,yes,1
4720,no,no,no,1,no,0
4721,no,no,no,1,yes,1
4722,no,no,no,1,no,0
4723,no,no,no,4,no,0
4724,no,no,no,2,no,0
4725,yes,yes,yes,1,no,1
4726,yes,no,no,1,no,0
4727,no,no,no,1,no,0
4728,no,no,yes,1,no,1
4729,no,no,no,2,no,0
4730,no,no,no,2,no,0
4731,no,no,no,2,no,0
4732,no,no,no,4,no,0
4733,yes,yes,yes,1,yes,1
4734,no,no,no,1,no,0
4735,no,no,no,1,no,0
4736,yes,no,no,1,no,0
4737,no,no,no,2,no,0
4738,yes,no,no,2,no,0
4739,no,no,no,2,yes,1
4740,yes,no,no,1,no,0
4741,yes,no,no,1,yes,1
4742,no,no,no,1,no,0
4743,yes,yes,yes,1,no,1
4744,yes,yes,yes,1,yes,1
4745,no,yes,yes,1,no,1
4746,yes,yes,yes,1,yes,1
4747,no,no,no,1,no,0
4748,no,no,no,1,no,0
4749,no,no,no,4,no,0
4750,yes,yes,yes,1,no,1
4751,no,no,no,1,no,0
4752,yes,yes,no,1,yes,1
4753,yes,no,no,1,yes,1
4755,no,no,no,4,no,0
4756,no,no,no,1,yes,1
4757,no,yes,yes,1,no,1
4758,yes,no,yes,2,no,1
4759,no,no,no,1,no,0
4760,no,no,yes,1,no,1
4761,no,no,no,1,no,0
4762,no,yes,yes,1,yes,1
4763,no,no,no,1,no,0
4764,no,no,no,1,no,0
4765,no,no,no,4,yes,1
4766,yes,no,yes,1,yes,1
4768,no,no,no,2,yes,1
4769,no,no,yes,1,yes,1
4770,no,no,yes,2,no,1
4771,no,no,no,4,no,0
4772,yes,no,no,2,no,0
4773,no,no,no,1,no,0
4774,no,no,no,2,yes,1
4775,no,no,no,2,no,0
4776,yes,no,no,1,no,0
4778,no,yes,yes,1,yes,1
4779,yes,yes,yes,1,yes,1
4780,no,yes,yes,1,no,1
4781,no,no,no,1,no,0
4782,no,no,no,1,no,0
4783,no,no,no,1,no,0
4784,no,no,no,4,no,0
4785,no,no,no,4,no,0
4786,no,no,no,2,no,0
4787,no,no,no,1,no,0
4788,yes,yes,yes,1,no,1
4789,no,no,no,1,no,0
4790,no,no,no,1,no,0
4791,no,no,no,2,yes,1
4792,no,no,no,4,no,0
4793,no,yes,yes,1,no,1
4794,yes,no,no,1,no,0
4795,no,no,no,2,yes,1
4796,no,no,no,1,no,0
4797,no,no,no,1,no,0
4798,yes,no,no,1,no,0
4799,no,no,no,1,no,0
4800,no,yes,yes,1,yes,1
4801,no,no,no,4,no,0
4802,no,no,no,2,no,0
4803,no,no,no,2,no,0
4804,no,no,no,1,yes,1
4805,no,no,no,2,no,0
4806,no,no,no,1,no,0
4807,yes,yes,yes,1,no,1
4808,no,no,no,1,no,0
4809,yes,no,no,1,yes,1
4810,yes,no,no,4,no,0
4811,no,no,yes,1,no,1
4812,yes,no,no,1,no,0
4813,yes,no,no,2,no,0
4814,yes,no,no,1,yes,1
4815,no,no,no,2,no,0
4816,no,no,no,4,yes,1
4817,no,no,yes,1,no,1
4818,no,no,no,4,no,0
4819,yes,no,no,1,no,0
4820,yes,yes,yes,1,yes,1
4821,yes,yes,yes,1,yes,1
4822,yes,no,no,1,no,0
4823,yes,yes,yes,2,no,1
4824,no,no,no,4,no,0
4825,yes,no,no,1,yes,1
4826,no,yes,yes,1,no,1
4827,no,no,no,1,yes,1
4828,no,no,no,1,yes,1
4829,no,no,no,2,no,0
4830,yes,no,no,2,no,0
4831,yes,no,yes,1,yes,1
4832,yes,no,no,1,no,0
4833,no,no,no,2,no,0
4834,no,no,no,4,yes,1
4835,no,no,no,1,yes,1
4836,no,no,no,1,yes,1
4837,yes,no,no,1,no,0
4838,yes,no,no,4,no,0
4839,no,no,no,1,no,0
4840,no,no,no,2,no,0
4841,no,no,no,1,no,0
4842,no,no,no,1,yes,1
4843,no,no,no,1,no,0
4844,yes,yes,yes,2,yes,1
4845,no,no,no,1,no,0
4846,no,no,no,2,yes,1
4847,no,yes,yes,1,yes,1
4848,no,no,no,1,no,0
4849,no,no,no,2,no,0
4850,no,no,no,4,yes,1
4851,yes,no,no,1,no,0
4852,yes,no,no,1,yes,1
4853,no,no,no,1,no,0
4854,no,no,no,4,no,0
4855,yes,yes,yes,1,no,1
4856,no,no,no,2,no,0
4857,no,no,no,2,no,0
4858,no,no,no,4,no,0
4859,no,no,no,1,no,0
4860,no,no,no,1,no,0
4861,no,no,no,4,no,0
4862,yes,yes,yes,1,no,1
4863,no,no,no,4,yes,1
4864,yes,no,no,1,yes,1
4865,no,no,no,4,no,0
4866,no,no,no,2,no,0
4867,no,no,no,1,no,0
4868,yes,yes,yes,1,no,1
4869,no,no,no,1,no,0
4870,no,no,no,2,no,0
4871,no,no,no,1,no,0
4872,no,no,no,1,no,0
4873,no,no,no,1,no,0
4874,no,no,no,4,no,0
4875,no,no,no,1,no,0
4876,no,no,no,2,no,0
4877,yes,no,no,1,yes,1
4878,no,no,no,1,no,0
4879,yes,no,no,1,no,0
4880,no,no,no,2,no,0
4881,no,no,no,1,no,0
4882,no,no,no,2,no,0
4883,no,no,no,4,yes,1
4884,yes,yes,yes,4,no,1
4885,no,no,no,2,yes,1
4886,yes,no,yes,1,yes,1
4887,yes,no,no,2,no,0
4888,no,no,no,4,no,0
4889,no,no,no,2,no,0
4890,no,no,no,1,yes,1
4891,yes,yes,yes,1,yes,1
4892,no,yes,yes,1,no,1
4893,yes,yes,yes,1,yes,1
4894,no,no,no,1,no,0
4895,no,no,yes,1,no,1
4896,no,no,no,1,no,0
4897,no,no,no,4,no,0
4898,yes,no,yes,2,no,1
4899,yes,yes,yes,1,no,1
4900,no,no,no,2,no,0
4901,no,yes,yes,1,yes,1
4902,no,no,no,2,no,0
4903,yes,no,no,1,no,0
4904,no,no,no,4,no,0
4905,no,no,no,4,yes,1
4906,no,no,no,1,no,0
4907,no,no,no,2,yes,1
4908,yes,yes,yes,4,no,1
4909,no,no,no,1,no,0
4910,no,no,no,4,yes,1
4911,yes,yes,yes,1,yes,1
4913,no,no,no,2,no,0
4914,yes,yes,yes,1,no,1
4915,no,no,no,1,yes,1
4916,yes,yes,yes,1,no,1
4917,yes,yes,yes,4,no,1
4918,no,no,no,2,no,0
4919,no,no,no,1,yes,1
4920,no,no,no,2,no,0
4922,no,yes,yes,1,no,1
4923,no,no,yes,1,yes,1
4924,no,no,no,1,no,0
4925,yes,no,no,1,no,0
4926,no,no,no,2,yes,1
4927,no,no,yes,2,no,1
4928,no,no,no,2,no,0
4929,no,no,no,1,no,0
4930,no,no,no,4,no,0
4931,yes,yes,yes,1,no,1
4932,no,no,no,1,no,0
4933,no,no,no,1,no,0
4934,yes,no,no,4,yes,1
4935,yes,yes,yes,2,no,1
4936,no,no,no,2,no,0
4937,yes,no,no,1,no,0
4938,no,no,no,1,no,0
4939,no,no,no,1,yes,1
4940,no,no,no,1,no,0
4941,no,no,no,1,no,0
4942,yes,no,no,1,no,0
4943,yes,no,no,2,no,0
4944,no,no,no,1,no,0
4945,no,no,no,4,yes,1
4946,no,no,no,1,yes,1
4947,yes,no,no,1,no,0
4948,no,no,no,4,no,0
4949,no,no,no,2,yes,1
4950,no,no,no,4,yes,1
4951,no,no,no,1,no,0
4952,no,no,no,1,no,0
4953,no,no,no,1,no,0
4954,no,no,no,1,no,0
4955,no,no,no,2,no,0
4956,no,no,no,2,no,0
4957,no,no,no,4,no,0
4958,no,no,no,1,no,0
4959,no,no,no,1,no,0
4960,no,no,no,1,no,0
4961,yes,yes,yes,2,no,1
4962,no,no,no,1,no,0
4963,no,no,no,4,no,0
4964,no,no,no,2,no,0
4965,no,no,no,4,no,0
4966,no,no,no,2,no,0
4967,no,no,no,1,no,0
4968,no,no,no,1,no,0
4969,yes,no,no,1,no,0
4970,no,no,no,1,no,0
4971,no,no,no,2,no,0
4972,no,no,no,1,no,0
4973,no,no,no,2,no,0
4974,no,no,no,2,no,0
4975,no,yes,yes,1,no,1
4976,no,no,no,4,no,0
4977,no,no,no,1,no,0
4978,no,no,no,2,no,0
4979,no,no,no,2,no,0
4980,no,no,no,2,no,0
4981,no,no,no,2,no,0
4982,no,no,no,4,no,0
4983,yes,no,no,2,no,0
4984,no,no,no,2,no,0
4985,no,no,no,1,no,0
4986,no,no,no,1,no,0
4987,no,no,no,2,no,0
4988,no,no,no,1,no,0
4989,yes,yes,yes,1,no,1
4990,yes,no,yes,1,no,1
4991,no,no,no,1,no,0
4992,yes,yes,yes,1,no,1
4993,no,yes,yes,1,yes,1
4994,no,no,no,2,yes,1
4995,no,no,no,4,no,0
4996,no,no,no,1,no,0
4997,no,no,no,4,yes,1
4998,yes,no,no,2,no,0
4999,no,no,no,1,no,0
5000,no,no,no,2,no,0
5001,yes,yes,yes,3,no,1
5002,yes,yes,no,3,no,1
5003,yes,yes,yes,3,no,1
