memberNumber,response,cluster,Random_response,SVM_response,adaBoost_response,total_response
1000,no,2,no,no,no,0
1001,no,1,no,no,no,0
1002,no,1,no,no,no,0
1003,no,1,no,yes,no,1
1004,yes,2,no,yes,no,1
1005,no,3,no,no,no,0
1006,yes,1,yes,no,yes,1
1008,no,2,no,no,no,0
1009,no,2,no,no,no,0
1010,no,1,no,no,no,0
1011,yes,2,no,no,yes,1
1012,no,2,no,no,no,0
1013,no,2,no,yes,no,1
1014,no,2,no,no,no,0
1015,no,3,no,yes,no,1
1016,yes,2,no,no,yes,1
1017,no,2,no,no,no,0
1018,yes,1,no,no,no,0
1019,no,3,no,no,no,0
1020,no,2,no,no,no,0
1021,yes,2,no,no,no,0
1022,no,3,no,no,no,0
1023,no,1,no,no,no,0
1024,no,3,no,no,no,0
1025,no,4,no,no,no,0
1026,no,1,no,no,no,0
1027,yes,1,yes,yes,yes,1
1028,no,1,no,no,no,0
1029,no,4,no,yes,no,1
1031,no,4,no,no,no,0
1032,no,2,no,yes,no,1
1033,no,1,no,no,no,0
1034,yes,1,yes,no,yes,1
1035,no,2,no,no,no,0
1036,no,3,no,no,no,0
1037,yes,2,yes,no,yes,1
1038,no,2,yes,yes,yes,1
1039,no,3,no,no,no,0
1040,no,2,no,no,no,0
1041,no,1,yes,no,yes,1
1042,no,2,no,yes,no,1
1043,no,1,no,yes,no,1
1044,no,4,no,no,no,0
1045,yes,2,yes,no,yes,1
1046,no,3,no,no,no,0
1047,no,1,no,yes,no,1
1048,yes,2,yes,no,yes,1
1049,yes,4,no,no,no,0
1050,no,1,no,no,yes,1
1051,yes,2,no,yes,no,1
1052,no,2,no,yes,no,1
1053,no,1,yes,no,yes,1
1054,no,2,no,no,no,0
1055,no,1,no,no,no,0
1056,no,2,no,no,no,0
1057,no,1,no,no,no,0
1058,no,2,no,no,no,0
1059,no,3,no,no,no,0
1061,no,2,no,no,no,0
1062,yes,2,no,yes,no,1
1063,no,3,no,no,no,0
1064,yes,1,no,yes,no,1
1065,no,2,no,no,no,0
1066,no,4,no,yes,no,1
1067,no,1,no,yes,yes,1
1068,no,3,no,no,no,0
1069,yes,1,no,no,no,0
1070,no,4,no,no,no,0
1071,no,3,no,no,no,0
1072,yes,4,yes,no,yes,1
1073,yes,2,no,no,no,0
1074,no,4,no,no,no,0
1075,no,2,no,no,no,0
1076,no,2,no,no,no,0
1077,no,2,no,yes,no,1
1078,no,2,no,no,no,0
1079,no,1,no,yes,no,1
1080,no,3,no,no,no,0
1081,no,1,no,no,no,0
1082,no,3,no,no,no,0
1083,no,3,no,yes,no,1
1084,no,4,no,yes,no,1
1085,no,1,no,yes,no,1
1086,yes,2,no,no,no,0
1087,yes,2,no,yes,no,1
1088,yes,2,no,no,no,0
1089,no,3,no,no,no,0
1090,no,2,no,no,no,0
1092,yes,2,no,yes,no,1
1093,no,3,no,no,no,0
1094,no,2,no,no,no,0
1095,yes,2,yes,no,yes,1
1096,no,3,no,no,no,0
1097,yes,2,yes,yes,yes,1
1098,no,2,no,yes,no,1
1099,no,1,no,yes,no,1
1100,no,1,yes,yes,no,1
1101,no,3,no,yes,no,1
1102,no,4,no,no,no,0
1103,yes,1,no,no,no,0
1104,no,2,no,no,no,0
1105,no,1,no,no,no,0
1107,no,2,no,yes,no,1
1108,yes,1,yes,no,yes,1
1109,yes,1,no,no,no,0
1110,no,2,no,yes,no,1
1111,no,2,no,no,no,0
1112,no,3,no,no,no,0
1113,no,1,no,no,yes,1
1114,no,1,no,yes,no,1
1115,no,1,no,no,no,0
1116,no,2,no,yes,no,1
1117,no,3,no,no,no,0
1118,no,2,no,yes,no,1
1119,no,3,no,no,no,0
1120,no,2,yes,no,yes,1
1121,no,4,no,yes,no,1
1122,no,2,no,no,no,0
1123,no,2,no,no,no,0
1124,no,3,no,no,no,0
1125,yes,2,yes,no,yes,1
1126,no,1,no,yes,no,1
1127,yes,2,no,no,no,0
1128,no,1,no,no,yes,1
1129,no,1,no,no,no,0
1130,no,2,no,no,no,0
1132,yes,2,yes,no,yes,1
1133,yes,1,yes,no,yes,1
1134,no,4,no,yes,no,1
1135,no,1,yes,no,yes,1
1136,no,2,no,yes,yes,1
1137,no,4,no,no,no,0
1138,no,1,no,yes,no,1
1139,no,1,no,no,no,0
1140,yes,4,yes,no,yes,1
1141,no,1,no,yes,no,1
1142,no,1,yes,no,yes,1
1143,yes,1,yes,no,yes,1
1144,yes,2,no,no,no,0
1145,no,2,no,no,yes,1
1146,yes,2,yes,yes,yes,1
1147,no,3,no,no,no,0
1148,yes,2,yes,no,yes,1
1149,no,2,no,no,no,0
1150,yes,2,no,no,no,0
1151,no,4,no,no,no,0
1152,no,3,no,no,no,0
1153,yes,2,no,yes,no,1
1154,no,1,yes,yes,yes,1
1155,no,2,no,no,no,0
1156,no,4,no,no,yes,1
1157,yes,1,no,no,no,0
1158,no,2,no,no,no,0
1159,no,3,no,no,no,0
1160,yes,2,yes,no,yes,1
1161,no,1,no,no,no,0
1162,yes,1,yes,no,yes,1
1163,no,2,yes,no,no,1
1164,no,3,no,no,no,0
1165,no,2,no,no,no,0
1166,no,3,no,no,no,0
1167,no,4,no,no,no,0
1168,no,4,no,no,no,0
1169,yes,1,yes,no,yes,1
1170,no,2,no,no,no,0
1171,yes,1,yes,yes,yes,1
1173,no,2,no,no,no,0
1174,no,1,no,no,no,0
1175,yes,1,no,yes,no,1
1176,no,2,no,yes,no,1
1177,yes,4,no,no,yes,1
1178,no,2,no,no,no,0
1179,no,3,no,no,no,0
1180,no,3,no,no,no,0
1181,yes,2,no,no,no,0
1182,yes,2,no,yes,no,1
1183,no,1,no,no,no,0
1184,no,3,no,no,no,0
1185,yes,2,yes,no,yes,1
1186,yes,1,yes,yes,yes,1
1187,no,2,no,no,no,0
1188,no,1,no,no,no,0
1189,no,4,no,no,no,0
1190,no,2,no,no,no,0
1191,yes,1,no,yes,no,1
1192,no,3,no,no,no,0
1193,no,3,no,yes,no,1
1194,yes,1,yes,no,yes,1
1195,yes,4,no,no,no,0
1196,no,2,no,no,no,0
1197,no,2,no,no,no,0
1198,no,1,no,no,no,0
1199,yes,2,yes,no,yes,1
1200,no,2,no,no,no,0
1201,no,3,no,no,no,0
1202,yes,1,yes,no,yes,1
1204,no,2,no,no,no,0
1205,no,1,yes,yes,yes,1
1206,no,1,no,no,no,0
1207,no,2,no,no,no,0
1208,no,2,no,no,no,0
1209,no,1,yes,no,no,1
1211,no,1,yes,no,yes,1
1212,no,1,no,yes,no,1
1213,no,2,no,no,yes,1
1214,no,3,no,no,no,0
1215,no,1,no,no,no,0
1216,no,2,no,no,no,0
1217,yes,1,no,yes,no,1
1218,no,2,no,no,no,0
1219,yes,4,no,no,no,0
1220,yes,2,no,yes,no,1
1221,no,4,no,no,no,0
1222,no,4,no,no,no,0
1223,no,2,no,no,no,0
1224,yes,3,no,no,no,0
1225,no,1,no,no,no,0
1226,no,2,no,no,yes,1
1227,no,3,no,no,no,0
1228,no,3,no,no,no,0
1229,yes,1,yes,no,yes,1
1230,no,2,no,yes,no,1
1231,yes,2,no,no,yes,1
1232,no,1,no,yes,no,1
1233,no,2,no,yes,no,1
1234,no,2,no,no,no,0
1235,yes,1,no,yes,no,1
1236,no,4,no,no,no,0
1237,yes,1,yes,no,yes,1
1238,no,4,no,no,no,0
1239,no,2,no,no,no,0
1240,no,1,no,no,no,0
1241,no,1,no,no,no,0
1242,no,2,yes,yes,yes,1
1243,no,3,no,no,no,0
1244,yes,1,yes,no,no,1
1245,yes,2,yes,yes,yes,1
1246,yes,1,no,no,yes,1
1247,no,4,no,yes,no,1
1248,no,2,no,yes,no,1
1249,yes,3,yes,no,yes,1
1250,no,4,no,no,no,0
1251,no,4,no,no,no,0
1252,yes,1,yes,no,yes,1
1253,no,1,no,yes,no,1
1254,no,4,no,yes,no,1
1255,no,3,no,no,no,0
1256,no,4,no,no,no,0
1257,no,3,no,no,no,0
1258,no,3,no,no,no,0
1259,no,2,no,no,no,0
1260,no,3,no,no,no,0
1261,yes,1,no,yes,no,1
1262,no,3,no,no,no,0
1263,no,4,no,no,no,0
1264,no,2,no,yes,no,1
1265,yes,2,no,yes,no,1
1266,yes,4,no,no,no,0
1267,no,3,no,no,no,0
1268,yes,4,yes,yes,yes,1
1269,no,2,no,yes,yes,1
1270,no,4,no,no,no,0
1272,no,3,no,no,no,0
1273,no,3,no,no,no,0
1274,no,4,no,yes,no,1
1275,no,2,no,yes,no,1
1276,yes,2,no,no,no,0
1277,no,2,no,no,no,0
1278,yes,2,yes,yes,yes,1
1279,no,2,no,no,no,0
1280,no,1,no,no,no,0
1281,no,1,yes,no,no,1
1282,no,4,no,no,no,0
1283,yes,2,yes,yes,yes,1
1284,no,3,no,no,no,0
1285,yes,1,no,yes,yes,1
1286,no,2,no,no,no,0
1287,no,2,yes,yes,no,1
1288,no,3,no,no,no,0
1289,no,2,no,no,no,0
1290,no,2,no,no,yes,1
1291,no,1,no,no,no,0
1292,no,4,no,no,no,0
1293,no,2,no,no,no,0
1294,yes,1,no,no,yes,1
1295,no,1,no,yes,no,1
1296,yes,2,yes,no,yes,1
1297,no,1,yes,no,yes,1
1298,yes,1,no,yes,no,1
1299,no,1,no,yes,no,1
1300,no,3,no,no,no,0
1301,no,2,no,no,no,0
1302,no,2,no,no,no,0
1303,no,2,no,yes,yes,1
1304,no,1,no,yes,no,1
1305,no,1,no,no,no,0
1306,no,2,yes,no,yes,1
1307,no,1,no,no,no,0
1308,no,1,no,no,no,0
1309,no,1,no,no,no,0
1310,no,3,no,no,no,0
1311,no,4,yes,no,yes,1
1312,no,1,no,no,no,0
1313,no,4,no,no,no,0
1314,yes,4,no,no,no,0
1315,no,4,no,no,no,0
1316,no,1,no,no,no,0
1317,no,3,no,no,no,0
1318,no,3,no,no,no,0
1319,no,1,yes,no,yes,1
1320,yes,1,no,no,no,0
1321,no,3,no,no,no,0
1322,yes,2,no,no,no,0
1323,no,2,no,no,no,0
1324,no,2,yes,no,yes,1
1325,no,1,yes,yes,no,1
1326,no,2,no,no,no,0
1327,yes,2,no,yes,no,1
1328,no,4,no,no,no,0
1329,no,1,no,no,no,0
1330,no,2,yes,no,yes,1
1331,no,2,no,no,no,0
1332,no,2,no,yes,no,1
1333,no,2,no,yes,no,1
1334,no,3,no,no,no,0
1335,no,2,no,no,no,0
1336,no,1,yes,no,yes,1
1337,yes,4,no,no,no,0
1338,no,4,no,no,no,0
1339,no,2,no,no,no,0
1340,yes,2,no,no,yes,1
1341,no,2,no,no,no,0
1342,no,4,no,no,no,0
1343,yes,2,yes,no,yes,1
1344,no,1,no,yes,no,1
1345,no,1,no,no,no,0
1346,no,4,yes,no,yes,1
1347,no,2,no,yes,no,1
1348,yes,3,no,yes,no,1
1349,no,2,no,no,no,0
1350,no,3,no,no,no,0
1351,no,4,no,yes,no,1
1352,no,3,no,no,no,0
1353,no,1,no,no,no,0
1354,no,2,no,yes,no,1
1355,no,2,no,no,no,0
1356,no,2,no,no,no,0
1357,no,1,no,yes,no,1
1358,no,2,no,no,no,0
1359,no,3,no,no,no,0
1360,no,2,yes,yes,no,1
1361,no,2,no,no,no,0
1362,no,1,no,yes,no,1
1363,no,2,no,no,no,0
1364,no,1,no,yes,no,1
1365,no,2,no,no,no,0
1366,no,2,no,yes,no,1
1367,no,3,no,no,no,0
1368,no,3,no,no,no,0
1369,no,1,yes,no,yes,1
1370,no,1,no,no,no,0
1371,no,1,no,no,no,0
1372,no,1,no,no,no,0
1373,yes,1,no,no,no,0
1374,yes,1,yes,no,yes,1
1375,no,4,no,no,no,0
1376,no,1,no,yes,no,1
1377,no,1,no,no,no,0
1378,no,4,no,no,no,0
1379,yes,2,no,yes,no,1
1380,yes,2,yes,no,no,1
1381,no,1,no,no,no,0
1382,yes,4,no,no,no,0
1383,no,3,no,no,no,0
1384,yes,2,yes,yes,yes,1
1385,no,2,no,yes,no,1
1386,no,1,no,yes,no,1
1387,no,1,no,no,no,0
1388,yes,1,no,no,no,0
1389,no,4,no,yes,no,1
1390,no,1,no,no,no,0
1391,no,2,yes,no,no,1
1392,no,4,no,no,no,0
1393,no,1,no,no,no,0
1394,no,3,no,no,no,0
1395,no,2,no,yes,no,1
1396,no,1,no,no,no,0
1397,no,3,no,no,no,0
1398,no,3,no,yes,no,1
1399,no,4,no,no,no,0
1400,no,3,no,no,no,0
1401,no,3,no,no,no,0
1402,no,3,no,no,no,0
1403,no,1,no,no,no,0
1404,no,1,no,no,no,0
1405,no,4,no,no,no,0
1406,no,2,no,no,no,0
1407,no,2,no,yes,no,1
1408,yes,3,no,yes,no,1
1409,no,3,no,no,no,0
1410,yes,2,yes,yes,yes,1
1411,no,4,no,no,no,0
1412,yes,2,yes,no,yes,1
1413,no,1,no,no,no,0
1414,no,3,no,no,no,0
1415,no,3,no,no,no,0
1416,yes,2,yes,no,yes,1
1417,no,2,no,no,no,0
1418,no,1,no,no,no,0
1419,no,1,no,no,no,0
1420,yes,2,no,no,no,0
1421,yes,1,yes,no,no,1
1422,yes,2,no,no,no,0
1423,no,4,no,no,yes,1
1424,no,2,no,no,no,0
1425,yes,2,yes,no,yes,1
1426,no,1,no,no,no,0
1427,no,2,no,no,no,0
1428,yes,1,no,no,no,0
1429,no,3,no,no,no,0
1430,no,2,yes,yes,yes,1
1431,no,2,no,no,no,0
1432,yes,1,yes,no,yes,1
1433,no,3,no,no,no,0
1434,yes,1,yes,no,no,1
1435,no,1,yes,no,yes,1
1436,no,4,no,no,no,0
1437,no,3,no,no,no,0
1438,no,2,no,yes,no,1
1439,no,3,no,no,no,0
1440,yes,2,yes,no,yes,1
1442,no,2,yes,no,yes,1
1443,no,2,no,no,no,0
1444,yes,2,no,yes,no,1
1445,no,4,no,no,no,0
1446,no,1,no,no,no,0
1447,yes,4,no,no,no,0
1448,no,3,no,no,no,0
1449,no,2,no,no,no,0
1450,no,2,yes,yes,yes,1
1451,no,1,no,no,no,0
1452,yes,2,yes,yes,yes,1
1453,no,3,no,no,no,0
1454,no,2,no,no,no,0
1455,no,4,no,no,no,0
1456,no,2,no,no,no,0
1457,no,1,no,no,no,0
1458,no,1,no,yes,no,1
1459,no,3,no,no,no,0
1460,yes,1,yes,no,yes,1
1461,yes,2,no,no,no,0
1462,no,3,no,no,no,0
1463,yes,2,no,no,no,0
1464,no,1,no,no,no,0
1465,no,2,no,no,no,0
1466,yes,2,no,yes,no,1
1467,no,4,no,no,no,0
1468,yes,2,no,yes,no,1
1469,no,3,no,no,no,0
1470,no,3,no,no,no,0
1471,no,3,no,no,no,0
1472,no,2,no,no,no,0
1473,yes,2,no,no,no,0
1474,no,1,no,no,no,0
1475,no,2,no,no,no,0
1476,no,2,no,no,no,0
1477,no,2,no,yes,no,1
1478,no,1,yes,no,yes,1
1479,no,1,no,no,no,0
1480,no,2,no,no,no,0
1481,no,3,no,no,no,0
1482,no,2,no,yes,no,1
1483,no,1,no,yes,no,1
1484,no,2,yes,no,yes,1
1485,no,3,no,no,no,0
1486,no,2,no,yes,no,1
1487,yes,1,yes,no,yes,1
1488,no,2,no,no,no,0
1489,no,1,no,no,no,0
1490,no,4,no,no,no,0
1491,no,2,no,no,yes,1
1492,yes,1,no,no,no,0
1493,no,2,no,yes,no,1
1494,no,2,no,no,no,0
1495,no,1,no,no,no,0
1496,no,3,no,no,no,0
1497,no,4,no,no,no,0
1498,no,2,no,no,no,0
1499,no,2,no,no,no,0
1500,no,1,no,no,no,0
1501,yes,1,no,no,no,0
1502,no,2,no,no,no,0
1503,no,1,no,no,no,0
1504,yes,2,no,no,no,0
1505,no,2,no,no,no,0
1506,no,3,no,no,no,0
1507,yes,1,no,no,yes,1
1508,yes,2,no,no,no,0
1509,no,2,no,yes,no,1
1510,no,2,no,yes,no,1
1511,no,4,no,no,no,0
1512,no,2,no,no,no,0
1513,no,2,no,no,yes,1
1514,no,2,no,no,no,0
1515,no,2,no,no,no,0
1516,no,4,no,no,no,0
1517,no,1,no,no,no,0
1518,no,2,no,no,no,0
1519,yes,4,no,yes,no,1
1520,no,4,no,no,no,0
1521,no,3,no,no,no,0
1522,yes,1,yes,no,yes,1
1523,yes,1,no,no,no,0
1524,no,2,yes,no,yes,1
1525,no,3,no,no,no,0
1526,no,2,no,no,no,0
1527,no,2,yes,no,yes,1
1528,no,2,no,no,no,0
1529,no,1,no,no,no,0
1530,yes,3,no,no,no,0
1531,no,3,no,no,no,0
1532,no,1,no,yes,no,1
1533,yes,4,no,no,no,0
1534,no,2,no,no,no,0
1535,no,1,no,no,no,0
1536,yes,1,no,yes,no,1
1537,no,3,no,no,no,0
1538,no,2,no,no,no,0
1539,no,3,no,no,no,0
1540,no,2,no,no,no,0
1542,no,2,no,no,no,0
1544,yes,1,yes,no,yes,1
1545,no,2,no,no,no,0
1546,yes,1,no,no,yes,1
1547,no,3,no,no,no,0
1548,no,4,no,yes,no,1
1549,no,1,no,no,no,0
1550,no,1,no,yes,no,1
1551,yes,2,no,no,no,0
1552,no,3,no,no,no,0
1553,no,1,no,no,yes,1
1554,no,1,no,no,no,0
1555,no,3,no,no,no,0
1556,no,4,no,yes,no,1
1557,no,3,no,no,no,0
1558,no,4,no,yes,no,1
1559,yes,2,no,no,no,0
1560,no,3,no,no,no,0
1561,yes,2,no,yes,no,1
1562,no,1,yes,no,no,1
1563,no,3,no,no,no,0
1564,no,2,no,no,no,0
1565,no,2,no,yes,no,1
1566,yes,2,no,yes,no,1
1567,no,1,yes,no,yes,1
1568,no,4,no,no,no,0
1569,no,1,no,no,no,0
1570,no,3,no,no,no,0
1571,yes,1,yes,yes,yes,1
1572,yes,2,yes,yes,yes,1
1573,yes,4,no,yes,no,1
1574,no,2,no,no,yes,1
1575,yes,1,yes,no,yes,1
1577,no,3,no,no,no,0
1578,no,1,no,no,no,0
1579,no,4,no,no,no,0
1580,yes,2,no,yes,no,1
1581,no,1,no,yes,yes,1
1582,no,1,no,yes,no,1
1583,no,2,no,yes,no,1
1584,yes,1,yes,yes,yes,1
1585,no,1,no,yes,no,1
1586,no,3,no,no,no,0
1587,yes,1,no,no,no,0
1588,no,2,no,no,no,0
1589,no,3,no,no,no,0
1590,no,1,no,yes,no,1
1591,no,1,no,no,no,0
1592,no,4,no,no,no,0
1593,no,1,no,yes,no,1
1594,no,3,no,no,no,0
1595,yes,2,no,no,no,0
1596,no,1,no,no,no,0
1597,no,1,no,no,no,0
1598,yes,1,no,yes,no,1
1599,yes,2,yes,yes,yes,1
1601,no,2,no,no,no,0
1602,no,2,no,no,no,0
1603,no,2,no,no,no,0
1604,no,2,no,no,no,0
1605,no,1,no,no,no,0
1606,no,4,no,no,no,0
1607,no,1,no,no,no,0
1608,yes,2,yes,yes,yes,1
1609,no,2,no,no,no,0
1610,no,1,no,no,no,0
1611,no,1,no,no,no,0
1612,no,2,no,no,no,0
1613,no,2,no,yes,yes,1
1614,no,4,no,no,no,0
1615,no,2,no,no,no,0
1616,yes,2,no,no,no,0
1617,no,1,yes,no,no,1
1618,no,2,no,yes,no,1
1619,no,2,no,no,yes,1
1620,yes,2,no,no,no,0
1621,no,1,yes,no,yes,1
1622,yes,1,yes,no,yes,1
1623,no,2,no,no,no,0
1624,yes,2,no,no,yes,1
1625,no,2,no,yes,yes,1
1626,no,3,no,no,no,0
1627,yes,1,no,yes,no,1
1628,no,2,no,no,no,0
1629,no,1,no,no,no,0
1630,no,3,no,no,no,0
1631,yes,4,no,no,no,0
1632,no,2,no,no,yes,1
1633,yes,4,no,no,no,0
1634,yes,2,no,yes,no,1
1635,no,2,no,no,no,0
1636,yes,2,yes,no,yes,1
1638,yes,1,yes,no,yes,1
1639,no,4,no,no,no,0
1640,no,4,no,no,no,0
1641,no,1,no,no,no,0
1642,no,3,no,no,no,0
1643,yes,3,yes,no,yes,1
1644,yes,3,no,no,no,0
1645,no,3,no,no,no,0
1646,no,2,no,yes,no,1
1647,no,2,no,no,no,0
1648,yes,1,yes,yes,yes,1
1649,no,2,no,yes,no,1
1650,yes,4,no,yes,no,1
1651,no,2,yes,yes,yes,1
1652,no,1,no,no,no,0
1653,no,2,no,yes,no,1
1654,no,2,no,yes,no,1
1655,no,2,yes,no,no,1
1656,no,2,no,no,no,0
1657,no,3,no,no,no,0
1658,yes,2,yes,no,yes,1
1659,no,2,no,yes,no,1
1660,no,1,no,yes,no,1
1661,no,2,no,yes,no,1
1662,no,3,no,no,no,0
1663,no,2,yes,no,yes,1
1664,no,1,no,no,no,0
1665,no,2,no,no,no,0
1666,no,3,no,no,no,0
1667,no,3,no,no,no,0
1668,no,2,no,no,no,0
1669,yes,1,no,no,no,0
1670,no,2,no,no,no,0
1672,no,3,no,yes,no,1
1673,no,3,no,no,no,0
1674,yes,2,no,no,no,0
1676,no,2,no,no,no,0
1677,yes,2,no,no,no,0
1678,yes,2,no,no,no,0
1679,no,2,no,no,no,0
1680,no,3,no,no,no,0
1681,no,3,no,no,no,0
1682,no,2,no,yes,no,1
1683,no,3,no,no,no,0
1684,no,4,no,yes,no,1
1685,no,1,no,yes,no,1
1686,no,3,no,no,no,0
1687,yes,1,yes,no,yes,1
1688,no,3,no,no,no,0
1689,yes,3,yes,no,yes,1
1690,yes,2,yes,no,yes,1
1692,no,1,no,no,no,0
1693,no,2,no,no,no,0
1694,yes,1,no,no,no,0
1695,no,3,no,no,no,0
1696,no,2,no,no,no,0
1697,no,2,no,no,no,0
1698,yes,1,no,yes,yes,1
1699,no,2,no,no,yes,1
1700,yes,4,no,no,no,0
1701,no,3,no,no,no,0
1702,yes,1,no,no,no,0
1703,yes,1,yes,no,yes,1
1705,no,2,no,no,no,0
1706,no,2,no,no,yes,1
1707,no,3,no,no,no,0
1708,yes,2,yes,yes,yes,1
1709,no,3,no,no,no,0
1710,no,2,no,no,no,0
1711,no,2,no,yes,no,1
1712,no,4,no,yes,no,1
1714,no,3,no,no,no,0
1715,no,1,no,yes,no,1
1716,yes,1,no,no,no,0
1717,no,2,no,no,no,0
1718,no,1,no,yes,no,1
1719,no,2,no,no,no,0
1720,no,2,no,no,no,0
1721,yes,2,no,no,yes,1
1722,no,2,no,no,yes,1
1723,yes,2,no,no,yes,1
1724,yes,2,yes,no,yes,1
1725,no,4,no,no,yes,1
1726,no,2,no,no,no,0
1727,no,3,no,no,no,0
1728,no,3,no,yes,no,1
1729,no,2,yes,yes,yes,1
1730,no,2,no,no,no,0
1731,yes,2,no,no,no,0
1732,no,1,no,yes,no,1
1733,yes,1,yes,yes,yes,1
1734,yes,2,no,no,no,0
1735,no,4,no,no,no,0
1736,no,2,no,no,no,0
1737,no,2,no,yes,no,1
1738,no,1,yes,no,yes,1
1739,no,3,no,no,no,0
1740,no,1,no,no,no,0
1741,yes,2,no,no,no,0
1742,no,2,no,no,no,0
1743,yes,2,yes,no,yes,1
1744,yes,3,no,no,no,0
1745,no,3,no,no,no,0
1746,no,2,no,no,no,0
1747,no,1,no,no,no,0
1748,no,1,no,no,no,0
1749,no,4,no,yes,no,1
1750,no,1,no,no,no,0
1751,yes,1,no,no,no,0
1752,no,4,no,no,no,0
1753,yes,2,no,yes,no,1
1754,no,2,no,no,no,0
1755,no,3,no,no,no,0
1756,yes,2,no,no,no,0
1757,no,2,no,yes,no,1
1758,no,1,no,no,no,0
1759,yes,2,yes,no,yes,1
1760,yes,1,no,yes,no,1
1761,no,2,no,yes,no,1
1762,no,4,no,no,no,0
1763,no,2,no,no,no,0
1764,no,2,no,no,no,0
1765,no,3,no,yes,no,1
1766,no,4,no,no,no,0
1767,no,2,no,no,no,0
1768,no,2,no,yes,no,1
1769,yes,2,yes,no,yes,1
1770,yes,2,no,no,no,0
1771,no,1,no,no,no,0
1772,no,2,no,no,no,0
1773,yes,2,yes,no,yes,1
1774,no,1,no,yes,no,1
1775,yes,3,yes,no,yes,1
1776,no,1,yes,no,yes,1
1777,no,2,no,yes,no,1
1778,yes,3,no,no,no,0
1779,yes,2,no,no,no,0
1780,no,2,no,yes,no,1
1781,no,1,no,no,no,0
1782,no,2,no,yes,no,1
1783,no,1,no,yes,no,1
1784,no,4,no,no,no,0
1785,yes,2,yes,yes,yes,1
1786,yes,1,no,no,no,0
1787,no,2,no,yes,yes,1
1788,no,2,no,yes,no,1
1789,no,2,no,no,no,0
1790,no,4,no,no,no,0
1791,yes,1,yes,no,yes,1
1792,no,2,no,yes,no,1
1793,no,2,no,yes,no,1
1794,no,3,no,no,no,0
1795,no,3,no,no,no,0
1796,no,2,no,no,yes,1
1797,no,1,no,no,no,0
1798,yes,1,no,no,no,0
1799,no,4,no,no,no,0
1800,no,1,no,no,no,0
1801,no,1,no,no,no,0
1803,no,1,no,yes,no,1
1804,yes,2,yes,no,yes,1
1805,no,1,no,no,no,0
1806,no,1,no,no,no,0
1807,no,4,no,no,no,0
1808,yes,1,no,no,no,0
1809,no,3,no,no,no,0
1810,no,1,no,no,no,0
1811,no,2,no,no,no,0
1812,no,3,no,no,no,0
1813,no,3,no,no,no,0
1814,no,2,no,no,no,0
1815,yes,2,yes,no,yes,1
1816,no,1,no,no,yes,1
1817,yes,2,no,no,yes,1
1818,no,2,no,no,no,0
1819,yes,2,no,yes,no,1
1820,yes,1,yes,no,yes,1
1821,no,4,no,no,yes,1
1822,yes,1,no,no,yes,1
1823,no,2,no,no,no,0
1824,no,2,yes,no,yes,1
1825,no,2,no,no,no,0
1826,no,3,no,no,no,0
1827,yes,2,yes,no,yes,1
1828,no,1,no,no,no,0
1829,yes,1,yes,no,yes,1
1830,no,4,no,yes,no,1
1831,no,1,no,no,no,0
1832,no,2,yes,no,yes,1
1833,yes,1,no,no,no,0
1834,no,4,no,no,no,0
1835,yes,1,no,no,no,0
1836,yes,1,no,yes,no,1
1837,no,1,no,no,no,0
1838,no,1,no,no,no,0
1839,no,2,no,no,no,0
1840,no,4,no,no,no,0
1841,no,4,no,no,no,0
1842,no,3,no,no,no,0
1843,no,2,no,no,no,0
1844,yes,2,yes,no,yes,1
1845,no,1,no,yes,no,1
1846,no,2,no,no,no,0
1847,no,1,no,no,no,0
1848,yes,1,no,yes,no,1
1849,no,1,no,yes,no,1
1850,no,1,no,yes,no,1
1851,yes,1,yes,no,yes,1
1852,yes,1,yes,no,yes,1
1853,no,1,no,yes,no,1
1854,no,4,no,no,no,0
1855,no,2,yes,no,yes,1
1856,yes,2,no,no,no,0
1857,no,1,no,yes,no,1
1858,no,1,no,no,no,0
1859,no,1,yes,no,yes,1
1860,no,3,no,no,no,0
1861,no,1,no,no,no,0
1862,yes,2,no,no,no,0
1863,no,4,no,no,no,0
1864,no,2,no,no,no,0
1865,no,2,no,no,no,0
1866,yes,2,no,yes,no,1
1867,no,1,no,no,no,0
1868,no,1,no,no,no,0
1869,no,1,yes,no,yes,1
1870,no,2,no,no,no,0
1871,no,4,no,no,no,0
1872,no,2,no,no,no,0
1873,no,1,no,yes,no,1
1874,no,4,no,no,no,0
1875,no,4,no,no,no,0
1876,no,3,no,no,no,0
1877,yes,1,yes,yes,yes,1
1878,no,2,no,yes,no,1
1879,no,1,yes,no,no,1
1880,no,4,yes,no,yes,1
1881,no,2,no,no,no,0
1882,yes,1,no,yes,no,1
1883,yes,2,no,no,no,0
1884,no,2,no,no,no,0
1885,no,2,no,no,no,0
1886,no,4,no,no,no,0
1887,yes,2,no,no,no,0
1888,no,1,no,no,no,0
1889,no,2,yes,yes,no,1
1890,yes,1,yes,no,yes,1
1891,no,1,no,no,no,0
1892,yes,2,no,yes,no,1
1893,no,3,no,yes,no,1
1894,yes,2,no,no,no,0
1895,no,1,no,no,no,0
1896,no,1,no,no,no,0
1897,no,1,no,yes,no,1
1898,no,3,no,no,no,0
1899,yes,2,no,yes,no,1
1900,no,2,yes,no,yes,1
1901,yes,2,no,no,no,0
1902,yes,2,no,no,no,0
1903,yes,1,yes,no,yes,1
1904,no,1,no,no,no,0
1905,no,2,no,yes,no,1
1907,no,3,no,no,no,0
1908,no,2,no,yes,no,1
1909,no,3,no,yes,no,1
1910,no,2,no,no,yes,1
1911,yes,1,no,no,no,0
1912,no,4,no,no,no,0
1913,no,2,yes,yes,yes,1
1914,yes,4,no,no,yes,1
1915,no,3,no,no,no,0
1916,no,2,no,no,no,0
1917,no,1,no,no,no,0
1918,no,3,no,no,no,0
1919,no,3,no,no,no,0
1920,no,3,no,no,no,0
1921,yes,2,no,yes,no,1
1922,no,2,no,yes,no,1
1923,no,2,no,no,no,0
1924,yes,2,no,no,no,0
1925,no,3,no,no,no,0
1926,no,2,no,no,yes,1
1927,yes,4,no,no,no,0
1928,no,2,no,no,no,0
1929,yes,2,yes,yes,yes,1
1930,yes,2,no,no,no,0
1931,no,2,no,yes,no,1
1932,no,2,no,no,no,0
1933,no,4,no,no,no,0
1934,no,2,no,yes,no,1
1935,no,1,no,no,no,0
1936,no,4,no,no,no,0
1937,yes,2,no,yes,no,1
1938,no,1,no,no,no,0
1939,yes,2,no,yes,no,1
1940,yes,2,yes,no,yes,1
1941,yes,1,no,yes,no,1
1942,no,3,no,no,no,0
1943,no,2,no,yes,no,1
1944,no,3,no,no,no,0
1945,no,1,no,no,no,0
1946,yes,2,yes,no,yes,1
1947,no,1,no,no,no,0
1948,no,2,no,yes,no,1
1949,no,1,no,yes,yes,1
1950,no,2,no,no,no,0
1951,no,4,no,no,no,0
1952,no,2,no,no,no,0
1953,no,3,no,no,no,0
1954,no,1,no,no,no,0
1955,no,1,no,yes,no,1
1956,yes,4,yes,no,yes,1
1957,no,3,no,no,no,0
1958,no,4,no,no,no,0
1959,no,2,no,yes,yes,1
1960,no,3,no,no,no,0
1961,yes,2,no,no,no,0
1962,yes,1,yes,no,no,1
1963,no,3,no,no,no,0
1964,no,1,no,no,no,0
1965,no,3,no,no,no,0
1966,no,1,no,no,no,0
1967,yes,2,no,no,no,0
1968,yes,2,no,no,no,0
1969,no,1,no,no,no,0
1970,no,1,yes,no,yes,1
1971,no,2,no,no,no,0
1972,no,3,no,no,no,0
1973,no,3,no,no,no,0
1974,no,3,no,no,no,0
1975,no,3,no,no,no,0
1976,no,4,no,no,yes,1
1977,no,3,no,no,no,0
1978,no,3,no,no,no,0
1979,yes,2,no,no,no,0
1980,no,2,no,no,no,0
1981,no,3,no,yes,no,1
1982,no,4,no,no,no,0
1983,no,2,no,no,no,0
1985,no,2,no,no,no,0
1987,no,2,no,no,no,0
1988,no,1,no,no,no,0
1989,no,3,no,no,no,0
1990,no,1,no,yes,no,1
1991,yes,2,yes,yes,yes,1
1992,no,1,no,yes,no,1
1993,yes,1,no,yes,no,1
1994,yes,2,yes,no,yes,1
1995,yes,1,yes,no,yes,1
1996,no,1,yes,yes,yes,1
1997,yes,2,no,yes,no,1
1998,no,1,no,no,no,0
1999,no,2,no,no,no,0
2000,no,1,no,yes,no,1
2001,yes,2,yes,yes,yes,1
2002,no,2,no,no,no,0
2003,no,2,no,no,no,0
2004,no,2,no,no,no,0
2005,yes,2,yes,no,yes,1
2006,yes,4,no,no,yes,1
2007,yes,2,no,no,no,0
2008,no,3,no,yes,no,1
2009,no,2,no,no,no,0
2010,yes,2,yes,no,yes,1
2011,yes,2,no,yes,yes,1
2012,no,4,no,no,no,0
2013,yes,1,no,yes,no,1
2014,no,1,no,yes,no,1
2015,no,3,no,no,no,0
2016,no,4,no,no,no,0
2017,yes,2,no,yes,no,1
2018,yes,2,yes,yes,yes,1
2019,no,2,no,no,no,0
2020,no,2,yes,no,no,1
2021,no,3,no,no,no,0
2022,yes,2,yes,yes,yes,1
2023,no,4,no,no,no,0
2024,no,3,no,no,no,0
2025,yes,1,yes,no,yes,1
2026,no,4,no,yes,no,1
2027,no,3,no,no,no,0
2028,no,2,no,no,no,0
2029,no,1,no,no,no,0
2030,yes,1,yes,yes,yes,1
2031,no,1,no,no,no,0
2032,yes,1,no,yes,no,1
2033,no,1,no,no,no,0
2034,no,4,no,no,no,0
2035,no,2,yes,no,yes,1
2036,no,3,no,yes,no,1
2037,yes,1,no,no,yes,1
2038,no,1,no,yes,no,1
2039,no,4,no,no,no,0
2040,yes,4,no,no,no,0
2041,no,2,yes,yes,yes,1
2042,no,2,no,yes,no,1
2043,no,1,no,no,no,0
2044,no,2,no,no,no,0
2045,yes,2,no,no,no,0
2046,no,4,no,no,no,0
2047,yes,2,no,no,no,0
2048,no,2,no,no,no,0
2049,no,2,no,no,no,0
2050,no,4,no,no,no,0
2051,yes,2,no,yes,no,1
2053,no,2,no,no,no,0
2054,no,2,yes,no,yes,1
2055,yes,2,no,no,no,0
2056,yes,2,no,no,no,0
2057,no,4,no,no,no,0
2058,yes,1,yes,no,yes,1
2059,no,1,yes,no,yes,1
2060,no,3,no,no,no,0
2061,no,2,no,no,no,0
2062,no,2,no,no,no,0
2063,no,2,no,yes,no,1
2064,no,1,no,yes,no,1
2065,no,1,no,no,no,0
2066,no,1,yes,no,no,1
2067,no,1,no,no,no,0
2068,no,1,no,no,no,0
2069,no,1,no,no,yes,1
2070,yes,2,no,yes,no,1
2071,no,2,no,no,no,0
2072,no,2,no,no,no,0
2073,yes,1,yes,no,yes,1
2074,no,2,no,no,no,0
2075,no,3,no,no,no,0
2076,yes,2,no,no,no,0
2077,no,1,no,no,no,0
2078,no,4,no,no,yes,1
2079,no,1,no,yes,yes,1
2080,no,1,no,no,no,0
2081,yes,1,no,no,no,0
2082,no,2,no,no,no,0
2083,no,2,no,no,no,0
2084,no,3,no,no,no,0
2085,no,1,no,yes,no,1
2086,no,1,no,yes,no,1
2087,no,1,no,no,no,0
2088,no,1,no,no,no,0
2089,no,2,no,yes,yes,1
2091,no,2,no,no,no,0
2092,yes,2,no,no,no,0
2093,yes,1,yes,no,yes,1
2094,no,1,no,no,no,0
2095,no,2,no,yes,no,1
2096,no,3,no,no,no,0
2097,no,2,no,no,no,0
2098,no,1,no,no,no,0
2100,no,2,no,no,no,0
2101,no,2,yes,no,no,1
2102,yes,1,no,no,no,0
2103,no,3,no,no,no,0
2104,no,2,no,no,no,0
2105,no,4,no,no,no,0
2106,no,2,no,no,no,0
2107,no,2,no,yes,no,1
2108,no,2,no,no,no,0
2109,no,2,no,no,yes,1
2110,no,1,no,yes,no,1
2111,no,4,no,yes,no,1
2112,no,3,no,no,no,0
2113,no,1,no,no,no,0
2114,no,2,no,no,no,0
2115,no,2,no,no,no,0
2116,no,3,no,no,no,0
2117,no,2,no,no,no,0
2118,yes,3,no,no,no,0
2119,no,2,no,no,no,0
2120,no,2,no,no,yes,1
2121,no,4,no,no,no,0
2122,yes,1,yes,no,yes,1
2123,no,3,no,no,no,0
2125,no,3,no,no,no,0
2126,no,4,no,no,no,0
2127,yes,2,no,no,no,0
2128,no,1,no,no,yes,1
2129,no,2,no,no,no,0
2131,no,2,no,no,yes,1
2132,no,1,no,no,no,0
2133,no,2,no,no,no,0
2134,no,2,no,no,no,0
2135,yes,1,no,no,no,0
2136,no,3,no,no,no,0
2137,no,4,no,yes,no,1
2138,no,1,yes,no,yes,1
2139,no,1,yes,no,yes,1
2140,no,2,yes,no,no,1
2141,yes,1,yes,yes,yes,1
2142,yes,1,no,yes,yes,1
2143,no,1,no,yes,no,1
2144,no,1,no,no,no,0
2145,no,3,no,no,no,0
2146,yes,1,yes,no,yes,1
2147,yes,2,yes,no,yes,1
2148,no,1,no,no,no,0
2149,no,1,no,yes,no,1
2151,no,2,no,no,no,0
2152,no,2,yes,no,yes,1
2153,no,3,no,no,no,0
2154,yes,1,yes,yes,yes,1
2155,no,1,no,no,no,0
2156,no,1,no,no,no,0
2157,no,2,no,no,no,0
2158,yes,1,no,no,no,0
2159,no,4,no,no,no,0
2160,no,2,no,yes,no,1
2161,no,3,no,no,no,0
2162,no,1,no,no,no,0
2164,no,2,no,yes,no,1
2165,no,2,no,yes,no,1
2166,no,2,no,yes,no,1
2167,no,2,no,no,no,0
2168,no,2,no,no,no,0
2169,no,2,yes,no,yes,1
2170,no,1,yes,no,yes,1
2171,yes,2,no,no,no,0
2172,no,3,no,no,no,0
2173,no,4,no,no,no,0
2174,yes,1,no,no,no,0
2175,no,1,yes,no,yes,1
2176,no,2,no,no,no,0
2177,no,3,no,no,no,0
2178,yes,2,yes,no,yes,1
2179,yes,4,no,no,no,0
2180,no,4,no,yes,no,1
2181,no,4,no,no,yes,1
2183,yes,1,no,no,no,0
2184,no,2,yes,yes,no,1
2185,no,4,no,no,no,0
2186,no,2,no,no,yes,1
2187,no,1,no,yes,no,1
2188,no,2,no,no,no,0
2190,no,2,no,no,yes,1
2191,no,2,no,no,no,0
2192,no,3,no,no,no,0
2193,no,2,no,yes,no,1
2194,no,1,no,no,no,0
2195,no,4,no,no,no,0
2196,no,2,no,no,no,0
2197,no,3,no,no,no,0
2198,no,4,no,no,no,0
2199,no,3,no,no,no,0
2200,yes,2,no,no,no,0
2201,no,1,no,no,no,0
2202,no,2,no,no,no,0
2203,no,3,no,no,no,0
2204,no,2,no,no,no,0
2205,no,1,no,yes,no,1
2206,no,4,no,no,no,0
2207,yes,1,yes,no,no,1
2208,no,1,no,yes,yes,1
2209,yes,2,no,no,no,0
2210,no,2,no,yes,no,1
2211,yes,2,yes,no,yes,1
2212,no,2,no,no,no,0
2213,no,3,no,no,no,0
2214,no,3,no,no,no,0
2215,yes,2,no,yes,no,1
2216,no,4,no,no,no,0
2217,no,2,yes,no,yes,1
2218,yes,1,no,no,no,0
2219,no,3,no,no,no,0
2220,no,3,no,no,no,0
2221,yes,2,no,no,yes,1
2222,no,2,yes,yes,yes,1
2225,yes,1,yes,yes,yes,1
2226,no,1,yes,no,yes,1
2227,no,4,no,no,no,0
2228,no,4,no,no,no,0
2229,no,2,no,yes,yes,1
2230,no,1,no,no,no,0
2231,yes,2,no,yes,no,1
2232,yes,1,no,no,no,0
2233,yes,1,yes,no,yes,1
2234,no,2,no,yes,yes,1
2235,yes,2,yes,no,yes,1
2236,no,1,no,no,yes,1
2237,yes,1,yes,no,yes,1
2238,no,2,no,no,no,0
2239,no,2,yes,no,yes,1
2240,no,2,no,no,no,0
2241,no,2,no,no,no,0
2242,yes,1,yes,no,no,1
2243,no,2,no,no,no,0
2244,yes,1,no,no,no,0
2245,no,1,no,yes,no,1
2246,no,3,no,no,no,0
2247,no,1,yes,no,no,1
2248,no,3,no,no,no,0
2249,no,3,no,no,no,0
2250,yes,2,yes,no,yes,1
2251,no,1,yes,no,yes,1
2252,no,2,no,yes,yes,1
2253,yes,1,no,yes,yes,1
2254,no,1,no,no,no,0
2255,no,2,no,no,no,0
2256,no,1,no,no,no,0
2257,no,1,no,yes,no,1
2258,yes,3,no,no,no,0
2259,no,1,no,no,no,0
2260,yes,2,yes,no,yes,1
2261,no,1,no,no,no,0
2262,yes,2,yes,no,yes,1
2263,no,4,no,no,no,0
2264,no,4,no,yes,no,1
2265,no,2,no,yes,yes,1
2266,no,2,no,no,no,0
2267,yes,2,yes,yes,yes,1
2269,yes,1,no,yes,no,1
2270,no,2,no,yes,no,1
2271,yes,2,no,yes,no,1
2272,yes,2,yes,no,yes,1
2273,no,2,no,no,no,0
2274,no,1,no,no,no,0
2275,no,4,no,no,no,0
2276,no,3,no,yes,no,1
2277,no,4,no,yes,no,1
2278,no,1,no,yes,no,1
2279,yes,1,no,yes,no,1
2280,no,3,no,no,no,0
2281,no,3,no,no,no,0
2282,no,3,no,no,no,0
2283,no,1,no,no,no,0
2284,no,1,no,no,no,0
2285,no,4,no,no,no,0
2286,no,4,no,no,no,0
2287,no,2,yes,no,no,1
2288,no,1,no,no,no,0
2289,yes,2,yes,yes,yes,1
2290,no,2,yes,no,yes,1
2291,no,2,no,no,no,0
2292,no,3,no,no,no,0
2293,no,2,yes,yes,yes,1
2294,no,2,no,yes,no,1
2295,yes,2,yes,no,yes,1
2296,no,4,no,no,no,0
2297,no,4,no,no,no,0
2298,no,2,no,yes,no,1
2299,no,2,no,no,no,0
2300,no,2,no,no,no,0
2301,yes,2,no,no,yes,1
2302,no,3,no,no,no,0
2303,no,1,no,no,no,0
2304,no,3,no,no,no,0
2305,no,4,no,no,no,0
2306,yes,2,no,no,no,0
2307,no,1,no,no,no,0
2308,no,3,no,no,no,0
2309,no,2,no,no,no,0
2310,no,1,no,no,no,0
2311,no,2,yes,yes,yes,1
2312,no,4,no,no,no,0
2313,no,4,no,no,no,0
2314,yes,2,no,no,no,0
2315,yes,2,no,no,no,0
2316,yes,4,no,no,yes,1
2318,no,3,no,no,no,0
2319,no,3,no,yes,no,1
2320,no,1,no,no,no,0
2321,no,1,no,no,no,0
2322,no,4,no,no,no,0
2323,no,3,no,no,no,0
2324,no,4,no,no,no,0
2325,no,1,no,no,no,0
2326,no,2,no,no,no,0
2327,no,2,no,no,no,0
2328,no,4,no,no,no,0
2329,no,4,no,no,no,0
2330,no,3,no,no,no,0
2331,yes,2,no,yes,no,1
2332,no,2,no,no,no,0
2334,no,3,no,no,no,0
2335,no,3,no,no,no,0
2336,yes,2,no,no,yes,1
2337,yes,2,yes,no,yes,1
2338,no,2,no,no,no,0
2339,yes,1,yes,no,yes,1
2340,no,2,no,no,no,0
2341,yes,1,no,no,no,0
2342,no,3,no,no,no,0
2343,no,1,no,yes,no,1
2344,yes,2,yes,yes,yes,1
2345,yes,2,no,no,no,0
2346,no,2,no,yes,no,1
2347,no,3,no,no,no,0
2348,yes,2,no,yes,no,1
2349,no,2,no,no,no,0
2350,no,3,no,no,no,0
2351,no,1,no,no,no,0
2352,yes,4,yes,no,yes,1
2353,no,1,no,yes,no,1
2354,no,3,no,no,no,0
2355,no,1,no,no,no,0
2356,no,2,no,no,no,0
2357,no,2,no,yes,no,1
2358,no,2,no,no,no,0
2359,no,2,no,no,no,0
2360,no,4,no,yes,no,1
2361,no,2,no,no,no,0
2362,no,2,no,yes,no,1
2363,no,2,no,no,no,0
2364,yes,2,yes,yes,yes,1
2365,no,1,no,no,no,0
2366,no,2,no,no,no,0
2368,no,4,no,no,no,0
2369,yes,2,yes,no,yes,1
2370,no,2,no,yes,no,1
2371,no,4,no,no,no,0
2372,no,3,no,yes,no,1
2373,no,3,no,no,no,0
2374,no,1,no,no,no,0
2375,yes,2,yes,no,yes,1
2376,no,3,no,yes,no,1
2377,no,4,no,yes,no,1
2378,no,3,no,no,no,0
2379,no,1,no,yes,no,1
2380,yes,2,no,no,no,0
2381,no,1,no,no,no,0
2383,yes,2,no,no,yes,1
2384,no,3,no,no,no,0
2386,yes,2,no,no,yes,1
2387,yes,4,no,no,no,0
2388,yes,1,yes,no,yes,1
2389,yes,2,no,yes,no,1
2390,yes,2,yes,no,yes,1
2391,no,2,no,no,no,0
2392,no,2,no,no,no,0
2393,yes,1,no,no,no,0
2394,no,2,no,yes,no,1
2395,no,4,no,yes,no,1
2396,no,1,no,no,no,0
2397,no,2,no,no,no,0
2398,yes,1,no,no,no,0
2399,no,1,no,no,no,0
2400,no,1,no,no,no,0
2401,no,2,yes,no,yes,1
2402,yes,2,yes,no,yes,1
2403,yes,2,no,no,no,0
2404,no,2,no,no,no,0
2406,no,2,no,no,no,0
2407,yes,1,yes,no,yes,1
2408,no,2,yes,yes,yes,1
2410,yes,2,no,no,no,0
2411,yes,4,yes,no,yes,1
2412,yes,1,no,no,no,0
2413,no,2,yes,no,yes,1
2414,yes,4,no,yes,no,1
2415,no,4,no,no,no,0
2416,no,2,no,no,no,0
2417,no,4,no,no,no,0
2419,yes,1,no,no,no,0
2420,yes,4,no,no,no,0
2421,no,2,no,yes,no,1
2422,no,2,no,no,no,0
2423,no,3,no,no,no,0
2424,no,4,no,yes,no,1
2425,no,4,no,yes,no,1
2426,yes,2,yes,no,no,1
2427,no,4,no,no,yes,1
2428,no,2,no,yes,yes,1
2429,no,3,no,no,no,0
2430,no,1,no,no,no,0
2431,yes,2,yes,no,yes,1
2432,no,2,no,no,no,0
2433,no,2,yes,yes,yes,1
2434,no,4,no,no,no,0
2435,no,2,no,no,no,0
2436,no,2,no,no,no,0
2437,no,2,no,no,no,0
2438,no,3,no,no,no,0
2439,no,2,no,no,no,0
2440,yes,2,no,no,yes,1
2441,no,1,yes,no,yes,1
2442,yes,4,no,yes,no,1
2443,no,2,no,yes,no,1
2444,no,1,no,yes,no,1
2445,yes,1,yes,no,yes,1
2446,no,2,no,no,no,0
2447,no,2,yes,yes,yes,1
2448,yes,2,no,yes,no,1
2449,no,4,no,no,no,0
2450,yes,3,yes,no,yes,1
2451,no,4,no,no,no,0
2452,no,1,no,no,no,0
2453,no,2,no,no,no,0
2454,no,2,no,no,no,0
2455,no,3,no,no,no,0
2456,no,3,no,no,no,0
2457,no,3,no,no,no,0
2458,yes,3,no,yes,no,1
2459,no,2,yes,no,yes,1
2460,no,2,no,no,no,0
2461,no,3,no,yes,no,1
2462,no,4,no,yes,no,1
2463,no,2,no,no,no,0
2464,no,1,no,no,no,0
2465,no,2,no,no,no,0
2466,no,2,no,no,no,0
2467,no,2,no,no,no,0
2468,no,3,no,yes,no,1
2469,yes,2,no,no,no,0
2470,no,1,no,no,no,0
2471,yes,1,yes,yes,yes,1
2472,yes,1,yes,no,no,1
2473,yes,1,no,no,no,0
2474,no,4,no,no,no,0
2475,no,2,no,yes,yes,1
2476,no,2,no,no,no,0
2477,no,1,no,yes,no,1
2478,no,3,no,no,no,0
2479,no,1,no,yes,no,1
2480,yes,2,yes,no,yes,1
2481,no,4,no,no,no,0
2482,no,3,no,no,no,0
2483,no,2,no,no,no,0
2484,no,2,no,no,no,0
2485,no,4,no,no,no,0
2486,no,2,no,no,no,0
2487,no,4,no,no,no,0
2488,no,1,no,yes,no,1
2489,no,2,no,no,no,0
2490,no,2,no,no,no,0
2492,no,2,no,yes,no,1
2493,no,3,no,no,no,0
2494,no,2,no,no,no,0
2495,yes,1,no,no,no,0
2496,no,4,no,no,no,0
2497,no,3,no,no,no,0
2499,no,2,no,yes,no,1
2500,no,2,no,no,no,0
2501,no,3,no,no,no,0
2502,no,1,no,no,yes,1
2503,no,3,no,no,no,0
2504,no,4,no,no,no,0
2505,no,2,yes,no,yes,1
2506,no,2,no,no,no,0
2507,yes,2,no,no,no,0
2508,yes,2,no,no,no,0
2509,no,1,no,yes,no,1
2510,yes,2,no,yes,no,1
2511,yes,2,no,yes,no,1
2512,yes,2,yes,yes,yes,1
2513,yes,2,no,no,no,0
2514,no,2,yes,no,yes,1
2515,no,4,no,no,no,0
2516,no,1,no,yes,no,1
2517,no,2,yes,yes,yes,1
2518,no,1,yes,no,yes,1
2519,no,1,no,no,no,0
2520,no,2,no,no,no,0
2521,no,2,yes,no,yes,1
2522,yes,1,no,no,no,0
2523,yes,1,no,no,yes,1
2524,yes,2,no,yes,yes,1
2525,yes,2,no,no,no,0
2526,no,4,no,no,no,0
2527,no,1,no,yes,no,1
2528,yes,2,yes,no,yes,1
2530,no,2,no,no,no,0
2531,no,3,no,no,no,0
2532,yes,1,no,no,no,0
2533,yes,1,no,no,no,0
2534,yes,2,yes,yes,yes,1
2535,no,2,no,yes,no,1
2536,no,2,no,no,no,0
2537,no,4,no,no,no,0
2538,no,4,no,no,no,0
2539,no,3,no,no,no,0
2540,no,1,no,no,yes,1
2541,yes,1,no,no,no,0
2542,no,2,no,no,yes,1
2543,no,1,no,no,no,0
2544,no,1,no,yes,no,1
2545,yes,2,no,no,no,0
2546,no,1,no,no,no,0
2547,no,2,yes,no,no,1
2548,yes,2,no,no,yes,1
2549,yes,2,no,yes,no,1
2550,no,2,no,no,no,0
2551,yes,2,yes,yes,no,1
2552,yes,1,no,no,yes,1
2553,yes,1,no,no,yes,1
2555,yes,2,yes,no,yes,1
2556,no,2,no,no,no,0
2557,yes,2,no,no,no,0
2558,no,3,no,no,no,0
2559,no,4,no,no,no,0
2560,yes,2,no,yes,no,1
2561,no,1,no,no,no,0
2562,no,1,no,no,no,0
2563,no,2,yes,no,yes,1
2564,no,1,no,no,no,0
2565,no,2,no,no,no,0
2566,yes,4,no,no,no,0
2567,no,3,no,no,no,0
2568,no,2,no,yes,yes,1
2569,yes,1,yes,yes,yes,1
2570,yes,2,yes,no,yes,1
2571,yes,1,yes,yes,yes,1
2572,no,3,no,no,no,0
2573,no,1,no,no,no,0
2574,no,2,no,no,no,0
2575,no,3,no,no,no,0
2576,no,3,no,no,no,0
2577,yes,2,no,no,no,0
2578,no,2,no,yes,no,1
2579,no,1,no,no,no,0
2580,no,2,no,no,no,0
2581,no,2,no,no,no,0
2582,no,2,no,no,no,0
2583,no,4,no,no,no,0
2584,no,1,no,no,yes,1
2585,yes,1,yes,yes,yes,1
2586,no,4,no,no,no,0
2587,yes,1,no,no,yes,1
2588,no,2,no,no,no,0
2589,no,1,no,no,no,0
2590,yes,2,yes,no,yes,1
2591,no,3,no,no,no,0
2592,no,2,no,yes,no,1
2593,no,4,no,no,yes,1
2594,no,1,yes,yes,no,1
2595,yes,1,no,no,no,0
2597,no,2,yes,no,yes,1
2598,no,3,no,no,no,0
2599,no,2,no,yes,no,1
2600,yes,2,yes,yes,yes,1
2601,no,2,no,yes,no,1
2602,no,2,no,yes,no,1
2603,no,3,no,no,no,0
2604,no,2,no,no,no,0
2605,yes,1,no,no,no,0
2606,no,1,no,yes,no,1
2607,no,3,no,no,no,0
2608,yes,2,no,no,no,0
2609,yes,4,yes,no,yes,1
2610,yes,2,no,no,no,0
2611,no,1,no,no,no,0
2612,no,1,no,no,no,0
2613,no,2,no,no,no,0
2614,no,3,no,no,no,0
2615,no,3,no,no,no,0
2616,no,1,yes,yes,yes,1
2617,yes,1,no,no,no,0
2618,no,2,no,yes,no,1
2619,no,4,no,yes,no,1
2620,no,2,no,no,yes,1
2621,no,3,no,no,no,0
2622,no,2,no,no,no,0
2623,no,2,no,no,no,0
2624,no,3,no,no,no,0
2625,no,2,no,yes,no,1
2626,no,1,no,no,yes,1
2627,no,2,no,no,no,0
2628,yes,4,no,yes,no,1
2629,yes,2,no,yes,no,1
2630,no,1,no,no,no,0
2631,no,3,no,no,no,0
2632,no,2,no,no,no,0
2633,yes,2,no,yes,no,1
2634,no,4,no,yes,no,1
2635,no,1,no,yes,no,1
2636,no,2,no,no,no,0
2637,no,3,no,no,no,0
2638,no,3,no,no,no,0
2639,yes,2,no,no,no,0
2640,no,4,no,no,no,0
2641,no,1,no,no,no,0
2642,no,4,no,no,no,0
2643,yes,2,yes,no,yes,1
2644,no,1,no,no,no,0
2645,no,1,no,no,no,0
2646,no,2,no,no,no,0
2648,yes,2,no,no,no,0
2649,no,2,no,no,no,0
2650,no,2,no,yes,no,1
2651,no,4,no,yes,no,1
2652,no,2,no,no,no,0
2653,no,2,no,no,no,0
2654,no,2,no,yes,no,1
2655,no,3,no,no,no,0
2656,yes,2,no,no,no,0
2657,no,4,no,no,no,0
2658,no,2,no,no,yes,1
2659,no,2,no,yes,no,1
2660,no,3,no,no,no,0
2661,no,1,no,yes,no,1
2662,no,1,no,no,no,0
2663,yes,2,no,yes,no,1
2664,no,2,no,no,no,0
2665,no,3,no,no,no,0
2666,yes,2,yes,no,yes,1
2667,no,3,no,no,no,0
2668,no,3,no,no,no,0
2669,no,2,yes,no,yes,1
2670,no,3,no,no,no,0
2671,yes,1,no,yes,no,1
2672,no,2,no,no,no,0
2673,yes,2,no,no,no,0
2674,no,3,no,no,no,0
2675,yes,1,no,no,no,0
2676,no,2,no,yes,no,1
2677,no,2,no,no,no,0
2678,no,2,no,no,no,0
2679,no,3,no,no,no,0
2680,yes,1,no,yes,no,1
2681,no,3,no,no,no,0
2682,no,2,no,no,no,0
2683,no,1,no,yes,no,1
2684,no,3,no,no,no,0
2685,yes,2,no,no,no,0
2686,no,3,no,no,no,0
2687,no,2,no,yes,yes,1
2688,yes,2,yes,no,no,1
2689,no,1,no,no,yes,1
2690,yes,2,no,no,no,0
2691,yes,2,yes,no,yes,1
2692,yes,2,no,no,no,0
2693,no,2,no,no,no,0
2694,no,2,no,yes,no,1
2695,no,1,no,no,no,0
2696,yes,2,no,no,no,0
2697,no,4,no,yes,no,1
2698,no,1,no,yes,no,1
2699,no,2,no,no,no,0
2700,no,2,no,no,no,0
2701,yes,1,yes,no,yes,1
2702,yes,1,no,yes,no,1
2703,no,2,no,no,no,0
2704,yes,2,no,no,no,0
2705,no,2,no,no,no,0
2706,no,2,no,yes,no,1
2707,yes,2,no,yes,no,1
2708,no,4,no,no,no,0
2709,yes,2,no,no,no,0
2710,no,3,no,no,no,0
2711,no,2,no,no,no,0
2712,yes,2,yes,no,yes,1
2713,yes,1,yes,no,yes,1
2714,no,3,no,no,no,0
2715,no,1,no,no,no,0
2716,no,2,no,no,no,0
2717,no,3,no,no,no,0
2718,no,1,no,no,no,0
2719,no,1,no,no,no,0
2720,no,3,no,no,no,0
2721,no,1,no,yes,no,1
2722,no,3,no,no,no,0
2723,yes,2,yes,no,yes,1
2724,no,3,no,no,no,0
2725,no,3,no,no,no,0
2726,no,4,no,yes,no,1
2727,no,2,yes,no,yes,1
2728,no,3,no,yes,no,1
2729,yes,2,no,yes,no,1
2730,no,2,no,no,no,0
2731,no,3,no,no,no,0
2732,no,1,no,yes,no,1
2733,no,3,no,yes,no,1
2734,no,3,no,no,no,0
2735,no,4,no,no,no,0
2736,no,2,no,yes,no,1
2737,yes,4,no,yes,no,1
2738,no,2,no,yes,no,1
2739,no,3,no,no,no,0
2740,no,3,no,no,no,0
2741,yes,2,no,no,no,0
2742,no,4,no,no,no,0
2743,no,2,no,yes,no,1
2744,no,1,no,no,no,0
2745,no,1,no,no,no,0
2746,yes,1,no,no,no,0
2747,no,2,yes,yes,yes,1
2748,yes,3,no,no,no,0
2749,no,1,no,yes,no,1
2750,yes,2,no,no,no,0
2751,no,1,no,no,no,0
2752,no,3,no,no,no,0
2753,no,1,no,no,no,0
2754,yes,1,yes,yes,yes,1
2755,yes,1,no,no,no,0
2756,no,2,no,no,no,0
2757,yes,2,no,no,no,0
2758,no,2,no,yes,no,1
2759,no,3,no,no,no,0
2760,yes,2,no,no,no,0
2761,yes,1,yes,no,yes,1
2762,yes,2,no,no,no,0
2763,no,1,no,yes,no,1
2764,no,2,no,no,no,0
2765,yes,2,no,no,no,0
2766,no,1,no,yes,no,1
2767,no,3,no,no,no,0
2768,yes,1,no,no,no,0
2769,no,1,no,no,yes,1
2770,no,3,no,no,no,0
2771,no,1,no,yes,no,1
2772,yes,2,no,yes,no,1
2773,no,3,no,no,no,0
2774,no,2,no,no,yes,1
2775,no,2,yes,no,yes,1
2776,yes,4,no,yes,no,1
2777,no,1,yes,no,yes,1
2778,no,1,yes,no,yes,1
2779,no,2,no,yes,no,1
2780,no,4,no,no,no,0
2781,yes,1,yes,no,yes,1
2782,yes,1,yes,no,yes,1
2783,no,3,no,no,no,0
2784,yes,2,no,no,no,0
2785,no,2,no,no,no,0
2786,no,1,no,yes,no,1
2787,no,1,no,no,no,0
2788,yes,2,no,no,yes,1
2789,yes,1,no,yes,no,1
2790,no,2,no,no,no,0
2791,no,3,no,no,no,0
2792,no,2,no,yes,no,1
2794,no,2,no,no,no,0
2795,no,1,no,no,no,0
2796,yes,2,no,no,no,0
2797,no,1,no,yes,no,1
2798,no,1,no,yes,no,1
2799,yes,2,no,yes,no,1
2800,yes,2,no,yes,no,1
2801,no,1,no,yes,no,1
2802,yes,1,yes,no,yes,1
2803,yes,1,yes,no,yes,1
2804,no,1,no,no,no,0
2805,yes,2,no,no,no,0
2806,no,1,no,no,no,0
2807,yes,1,yes,no,yes,1
2808,no,4,no,no,no,0
2809,yes,1,no,no,no,0
2810,no,2,no,no,no,0
2811,yes,1,no,no,no,0
2812,no,3,no,no,no,0
2813,no,2,no,no,no,0
2814,yes,2,no,no,no,0
2815,no,2,no,no,no,0
2816,yes,2,no,yes,no,1
2817,no,2,no,no,yes,1
2818,no,2,no,no,yes,1
2820,no,3,no,no,no,0
2822,no,2,no,no,no,0
2823,no,3,no,no,no,0
2824,yes,2,yes,no,yes,1
2825,no,2,no,no,no,0
2826,no,4,no,yes,no,1
2827,no,2,no,no,no,0
2828,no,3,no,no,no,0
2829,no,2,no,no,no,0
2830,no,1,no,no,no,0
2831,no,1,no,no,no,0
2832,yes,2,no,no,no,0
2833,no,3,no,no,no,0
2834,no,2,no,no,no,0
2835,no,2,no,no,no,0
2836,yes,2,no,no,no,0
2837,no,2,no,no,no,0
2838,no,2,no,no,no,0
2839,no,2,no,no,yes,1
2840,no,2,no,yes,no,1
2841,no,4,no,no,no,0
2842,no,3,no,no,no,0
2843,no,2,yes,no,yes,1
2844,no,3,no,no,no,0
2845,yes,4,yes,no,yes,1
2846,no,4,no,no,no,0
2847,yes,2,no,no,yes,1
2848,no,2,no,no,no,0
2849,yes,2,no,no,no,0
2850,no,1,no,yes,no,1
2851,no,2,no,yes,no,1
2852,no,3,no,no,no,0
2853,no,4,no,yes,no,1
2854,no,4,no,no,no,0
2855,no,2,no,yes,yes,1
2856,no,3,no,no,no,0
2857,yes,1,yes,no,yes,1
2858,yes,4,no,yes,no,1
2859,no,3,no,no,no,0
2860,no,2,no,yes,no,1
2861,yes,2,no,no,yes,1
2862,yes,4,no,no,no,0
2863,no,1,no,no,no,0
2864,yes,1,yes,no,yes,1
2865,no,2,no,no,no,0
2866,no,3,no,no,no,0
2867,no,2,no,yes,no,1
2868,no,2,no,no,no,0
2869,no,2,no,no,no,0
2870,no,2,no,no,no,0
2871,no,2,no,no,no,0
2872,no,2,no,no,no,0
2873,yes,2,no,no,no,0
2874,yes,2,yes,no,yes,1
2875,no,2,no,no,no,0
2876,no,2,no,no,no,0
2877,no,1,no,no,no,0
2878,no,3,no,no,no,0
2879,no,2,no,no,no,0
2880,yes,2,no,no,no,0
2881,no,3,no,no,no,0
2882,no,1,no,no,no,0
2883,no,2,no,no,no,0
2884,no,4,no,no,no,0
2885,no,2,no,no,no,0
2886,no,4,no,no,no,0
2887,no,3,no,no,no,0
2888,yes,2,no,no,no,0
2889,no,3,no,no,no,0
2890,no,3,no,no,no,0
2891,no,3,no,no,no,0
2892,no,3,no,no,no,0
2893,no,2,no,no,yes,1
2894,no,4,no,no,no,0
2895,no,3,no,no,no,0
2897,no,1,no,no,yes,1
2898,no,3,no,no,no,0
2899,yes,2,yes,no,yes,1
2900,no,1,no,no,yes,1
2901,yes,1,no,no,yes,1
2902,no,1,no,yes,no,1
2903,yes,1,no,no,no,0
2904,yes,2,no,no,no,0
2905,no,2,no,no,no,0
2906,yes,1,yes,no,yes,1
2907,no,1,no,no,no,0
2908,yes,1,no,yes,no,1
2909,yes,1,no,no,no,0
2910,no,2,no,no,no,0
2911,no,3,no,no,no,0
2912,no,1,no,no,no,0
2913,no,3,no,no,no,0
2914,yes,2,no,no,no,0
2915,no,3,no,no,no,0
2916,yes,1,yes,no,yes,1
2917,no,3,no,no,no,0
2918,no,2,yes,yes,no,1
2919,no,3,no,no,no,0
2920,no,2,no,no,no,0
2921,no,1,no,no,no,0
2922,no,2,no,no,no,0
2923,no,3,no,no,yes,1
2924,no,2,no,no,no,0
2925,no,2,no,yes,no,1
2926,no,2,no,no,no,0
2927,no,1,no,no,no,0
2928,no,2,no,no,no,0
2929,no,3,no,no,no,0
2930,no,1,no,no,no,0
2931,no,3,no,no,no,0
2932,no,1,no,no,no,0
2933,no,1,yes,no,yes,1
2934,yes,2,no,no,no,0
2935,no,1,no,no,no,0
2936,yes,1,no,no,no,0
2937,no,2,no,yes,no,1
2938,no,1,no,yes,yes,1
2939,yes,1,no,yes,no,1
2940,no,2,no,no,no,0
2941,no,2,no,yes,no,1
2942,yes,1,no,no,no,0
2943,no,1,no,yes,no,1
2944,no,1,no,no,no,0
2945,no,3,no,no,no,0
2946,no,2,yes,yes,yes,1
2947,yes,1,no,yes,no,1
2948,no,1,yes,no,yes,1
2949,no,4,no,yes,no,1
2950,no,2,no,yes,no,1
2951,no,2,no,no,no,0
2952,no,2,no,yes,no,1
2953,no,4,no,yes,no,1
2954,no,3,no,yes,no,1
2955,no,1,no,no,no,0
2956,no,2,no,no,no,0
2957,yes,2,no,yes,no,1
2958,yes,1,yes,no,yes,1
2960,yes,2,no,yes,yes,1
2961,yes,2,no,yes,no,1
2962,yes,1,yes,yes,yes,1
2963,no,3,no,no,no,0
2964,no,4,no,no,no,0
2965,no,1,no,no,no,0
2966,no,1,no,no,no,0
2967,yes,1,no,no,yes,1
2968,no,3,no,no,no,0
2969,yes,2,no,no,no,0
2970,no,2,no,no,yes,1
2971,yes,1,yes,no,yes,1
2972,no,1,no,no,no,0
2973,no,1,no,no,no,0
2974,yes,2,no,no,no,0
2975,yes,2,no,no,no,0
2976,no,4,no,no,yes,1
2977,no,2,no,no,no,0
2978,no,2,no,yes,no,1
2979,no,1,no,no,no,0
2980,no,4,no,no,no,0
2981,no,2,yes,no,no,1
2982,no,1,no,no,no,0
2983,no,3,no,no,no,0
2984,no,1,yes,no,yes,1
2985,no,3,no,no,no,0
2986,no,1,no,no,no,0
2987,no,4,no,yes,no,1
2988,no,3,no,no,no,0
2989,no,1,no,no,no,0
2990,no,2,no,yes,no,1
2991,no,1,no,no,no,0
2992,no,4,no,no,no,0
2993,yes,1,no,no,no,0
2994,no,3,no,no,no,0
2995,no,3,no,no,no,0
2996,yes,2,yes,no,yes,1
2997,no,2,no,no,no,0
2998,no,3,no,no,no,0
2999,no,1,no,yes,no,1
3000,no,3,no,no,no,0
3001,no,3,no,yes,no,1
3002,no,2,no,no,no,0
3003,no,3,no,no,no,0
3004,no,3,no,no,no,0
3005,yes,1,no,no,no,0
3006,no,2,no,no,no,0
3007,no,4,no,no,no,0
3008,no,4,no,no,no,0
3009,no,2,no,no,yes,1
3010,no,1,yes,no,yes,1
3011,yes,1,no,no,no,0
3012,no,3,no,yes,no,1
3013,no,2,no,no,no,0
3014,yes,2,yes,yes,yes,1
3015,yes,2,yes,no,yes,1
3016,no,2,no,no,no,0
3017,no,2,no,yes,no,1
3018,no,1,no,no,no,0
3019,no,2,no,no,no,0
3020,no,1,no,no,no,0
3021,no,1,no,yes,no,1
3022,no,2,yes,no,no,1
3023,no,1,no,no,no,0
3024,no,4,no,yes,no,1
3025,no,2,no,no,no,0
3026,yes,1,yes,no,yes,1
3027,yes,2,no,no,no,0
3028,yes,1,yes,no,yes,1
3029,no,4,no,no,no,0
3030,yes,1,yes,no,yes,1
3031,yes,2,no,no,yes,1
3032,no,4,no,no,no,0
3033,no,4,yes,yes,yes,1
3034,no,1,yes,no,yes,1
3035,yes,2,no,no,no,0
3036,no,2,no,no,no,0
3037,no,4,no,yes,no,1
3038,yes,1,yes,no,yes,1
3039,no,2,no,no,no,0
3040,no,3,no,no,no,0
3041,no,2,yes,no,yes,1
3042,no,2,yes,yes,yes,1
3043,no,3,no,no,no,0
3044,no,2,no,yes,no,1
3045,yes,1,no,no,no,0
3046,no,2,no,no,no,0
3047,no,3,no,no,no,0
3048,no,2,no,yes,no,1
3049,no,3,no,no,no,0
3050,no,2,yes,yes,yes,1
3051,yes,2,no,yes,no,1
3052,no,3,no,no,no,0
3053,no,2,no,no,no,0
3054,no,1,no,yes,yes,1
3055,no,1,no,no,no,0
3056,no,3,no,no,no,0
3057,no,3,no,no,no,0
3058,no,1,no,yes,no,1
3059,no,1,no,no,yes,1
3060,no,1,no,no,no,0
3061,no,2,no,no,no,0
3062,no,1,no,no,no,0
3063,no,2,no,no,no,0
3064,no,4,no,no,no,0
3065,no,3,no,yes,no,1
3066,no,2,no,no,yes,1
3067,yes,2,no,no,no,0
3068,no,1,no,yes,no,1
3069,no,1,no,no,no,0
3071,no,1,no,no,no,0
3072,yes,1,yes,no,yes,1
3073,no,3,no,no,no,0
3074,no,3,no,no,no,0
3075,no,4,no,no,no,0
3076,no,3,no,yes,no,1
3077,yes,2,yes,yes,yes,1
3078,no,4,no,no,no,0
3079,no,1,yes,no,no,1
3080,no,3,no,no,no,0
3081,no,1,no,no,no,0
3082,no,2,yes,yes,yes,1
3083,no,1,no,yes,no,1
3084,no,2,no,yes,no,1
3085,no,3,no,no,no,0
3086,yes,1,no,no,no,0
3087,no,3,no,no,no,0
3088,no,2,no,no,no,0
3089,no,2,no,no,no,0
3090,no,2,no,yes,no,1
3092,no,2,no,no,no,0
3093,no,3,no,no,no,0
3094,no,2,no,no,no,0
3095,no,2,no,no,no,0
3096,no,1,no,no,no,0
3097,no,3,no,no,no,0
3098,no,3,no,no,no,0
3099,no,1,no,no,yes,1
3100,yes,1,no,no,no,0
3101,no,2,no,no,no,0
3102,no,4,no,no,no,0
3103,no,4,no,no,no,0
3104,yes,1,no,no,no,0
3105,no,3,no,no,no,0
3106,no,4,no,yes,no,1
3107,no,2,no,no,no,0
3108,no,3,no,no,no,0
3109,no,1,no,yes,no,1
3110,no,3,no,no,no,0
3111,no,2,no,yes,no,1
3112,yes,1,no,yes,no,1
3113,no,1,no,no,no,0
3115,no,1,no,no,no,0
3116,no,1,no,no,no,0
3117,no,2,no,no,no,0
3118,no,2,no,no,no,0
3119,no,1,no,no,no,0
3120,no,2,no,yes,no,1
3122,no,2,no,yes,no,1
3123,yes,1,no,yes,no,1
3124,no,3,no,no,no,0
3125,no,4,no,yes,no,1
3126,no,3,no,no,no,0
3127,no,1,no,no,no,0
3128,yes,2,no,no,no,0
3129,no,4,no,yes,no,1
3130,no,3,no,no,no,0
3131,no,3,no,no,no,0
3132,yes,2,no,no,yes,1
3133,no,2,no,no,no,0
3134,no,4,no,yes,no,1
3135,no,1,no,yes,no,1
3136,no,3,no,no,no,0
3137,yes,2,yes,yes,yes,1
3138,no,1,no,no,no,0
3139,yes,1,yes,no,yes,1
3140,yes,2,yes,no,yes,1
3141,yes,2,no,yes,no,1
3142,yes,1,yes,no,yes,1
3143,no,1,no,no,no,0
3144,no,2,yes,no,yes,1
3145,no,2,no,no,no,0
3146,no,3,no,no,no,0
3147,yes,2,no,no,no,0
3148,no,1,no,no,no,0
3149,no,4,no,no,yes,1
3150,no,3,no,no,no,0
3151,yes,1,no,yes,no,1
3152,no,3,no,yes,no,1
3153,no,2,no,yes,yes,1
3154,no,1,yes,no,yes,1
3155,no,3,no,no,no,0
3156,yes,1,no,yes,no,1
3157,yes,1,no,no,no,0
3158,yes,1,yes,yes,yes,1
3159,no,4,no,yes,no,1
3160,yes,1,no,no,no,0
3161,no,2,no,no,no,0
3162,no,3,no,no,no,0
3163,no,3,no,no,no,0
3164,no,2,no,yes,no,1
3165,yes,2,yes,yes,yes,1
3166,no,1,no,no,no,0
3167,no,2,no,no,no,0
3168,yes,2,yes,no,yes,1
3169,yes,4,no,no,no,0
3170,yes,2,yes,no,yes,1
3171,yes,4,yes,no,yes,1
3172,yes,1,no,no,no,0
3173,no,3,no,no,no,0
3174,no,4,no,no,no,0
3175,yes,2,yes,yes,yes,1
3176,no,1,no,no,no,0
3177,no,3,no,no,no,0
3178,yes,2,no,no,no,0
3179,no,3,no,no,no,0
3180,yes,2,no,yes,no,1
3181,yes,2,no,no,no,0
3182,no,2,no,yes,no,1
3183,no,1,no,yes,no,1
3184,yes,2,yes,no,yes,1
3185,yes,1,yes,no,yes,1
3186,no,4,no,no,no,0
3188,no,2,no,no,no,0
3189,no,2,no,no,no,0
3190,yes,2,no,no,no,0
3191,no,2,yes,no,no,1
3193,yes,1,no,no,no,0
3194,yes,1,no,no,no,0
3195,no,3,no,no,no,0
3196,no,2,no,yes,no,1
3197,no,3,no,no,no,0
3198,no,3,no,no,no,0
3199,no,4,no,no,no,0
3200,yes,1,yes,no,yes,1
3201,no,2,no,yes,yes,1
3202,no,2,no,no,no,0
3203,no,1,no,no,no,0
3204,no,1,no,no,no,0
3205,no,2,no,no,no,0
3206,no,2,no,yes,no,1
3207,no,2,no,yes,no,1
3208,yes,2,no,no,no,0
3209,no,2,no,no,yes,1
3210,no,2,no,no,yes,1
3211,no,3,no,no,no,0
3212,no,3,no,no,no,0
3213,no,3,no,no,no,0
3214,yes,2,yes,yes,yes,1
3215,no,1,yes,no,yes,1
3216,no,3,no,no,no,0
3217,no,1,no,no,no,0
3218,no,4,no,no,no,0
3219,no,4,no,no,no,0
3220,yes,2,yes,no,yes,1
3221,no,2,no,yes,no,1
3222,yes,1,no,no,no,0
3223,no,3,no,no,no,0
3224,no,1,no,no,no,0
3225,no,2,no,yes,no,1
3226,yes,1,no,no,no,0
3227,no,2,no,no,no,0
3228,yes,1,yes,no,yes,1
3229,no,1,no,no,no,0
3230,no,4,no,no,no,0
3231,no,3,no,no,no,0
3232,no,2,no,yes,no,1
3233,no,3,no,no,no,0
3234,no,3,no,no,no,0
3235,yes,2,yes,no,yes,1
3236,yes,1,yes,no,yes,1
3237,no,1,no,no,no,0
3238,no,1,no,no,no,0
3239,no,3,no,no,no,0
3240,no,3,no,no,no,0
3241,no,2,no,no,no,0
3242,no,1,no,no,no,0
3243,no,3,no,no,no,0
3244,no,2,no,no,no,0
3245,yes,2,yes,yes,yes,1
3246,no,2,no,yes,no,1
3247,yes,2,no,yes,no,1
3248,yes,1,yes,yes,yes,1
3249,yes,4,no,yes,no,1
3250,no,3,no,no,no,0
3251,no,2,no,yes,no,1
3252,yes,2,no,no,no,0
3253,no,3,no,no,no,0
3254,yes,2,no,no,no,0
3255,no,2,yes,yes,yes,1
3256,no,1,yes,no,yes,1
3257,no,1,no,no,yes,1
3258,no,4,no,no,no,0
3259,no,4,no,no,no,0
3260,yes,2,yes,no,yes,1
3262,yes,2,no,yes,no,1
3263,yes,1,no,no,no,0
3264,yes,1,no,yes,no,1
3265,no,2,no,no,no,0
3266,yes,2,no,yes,no,1
3267,yes,1,yes,no,no,1
3268,yes,2,no,yes,no,1
3269,no,3,no,yes,no,1
3270,no,3,no,no,no,0
3271,no,2,no,no,no,0
3272,no,3,no,no,no,0
3273,yes,2,no,no,no,0
3275,yes,2,no,no,no,0
3276,no,1,no,no,no,0
3277,no,3,no,no,yes,1
3278,no,4,no,no,no,0
3279,no,4,no,yes,no,1
3280,no,3,no,no,no,0
3281,no,2,no,no,no,0
3282,yes,1,yes,no,yes,1
3283,yes,1,no,no,no,0
3284,no,2,yes,yes,yes,1
3285,no,1,no,yes,no,1
3286,no,4,no,no,no,0
3287,no,1,no,no,no,0
3288,no,1,no,no,no,0
3289,no,2,yes,yes,yes,1
3290,no,3,no,no,no,0
3291,no,4,no,no,no,0
3292,yes,1,no,yes,no,1
3293,yes,1,no,yes,no,1
3294,yes,1,no,no,no,0
3295,no,1,no,no,no,0
3296,no,2,no,yes,yes,1
3297,yes,1,yes,no,yes,1
3298,no,1,yes,no,yes,1
3299,no,1,no,no,no,0
3300,yes,2,yes,no,yes,1
3301,no,3,no,no,no,0
3302,yes,1,no,no,no,0
3303,no,1,yes,no,yes,1
3304,no,2,no,no,yes,1
3305,no,1,no,no,no,0
3306,no,2,yes,yes,yes,1
3307,no,2,no,no,no,0
3308,no,2,no,yes,no,1
3309,yes,2,no,yes,yes,1
3310,yes,1,yes,no,yes,1
3311,no,1,no,no,no,0
3312,no,2,no,no,no,0
3313,yes,1,no,no,no,0
3314,no,3,no,no,no,0
3315,no,2,no,no,no,0
3316,no,3,no,no,no,0
3317,yes,1,no,yes,no,1
3318,no,4,no,no,no,0
3319,no,2,no,no,no,0
3320,no,3,no,no,no,0
3321,no,2,no,no,no,0
3322,no,2,no,no,no,0
3323,no,2,no,no,no,0
3324,yes,2,no,no,no,0
3325,no,2,no,no,no,0
3326,no,3,no,no,no,0
3327,no,1,no,no,no,0
3328,no,2,no,no,no,0
3329,no,1,no,no,no,0
3330,no,1,no,no,no,0
3331,no,1,no,yes,no,1
3332,yes,4,no,no,no,0
3333,no,3,no,no,no,0
3334,yes,1,yes,yes,yes,1
3335,no,3,no,no,no,0
3336,no,3,no,no,no,0
3337,no,1,no,no,no,0
3338,yes,1,no,no,no,0
3339,no,2,no,no,no,0
3341,yes,4,yes,no,yes,1
3342,no,1,no,yes,no,1
3343,yes,1,no,no,no,0
3344,no,1,no,no,no,0
3345,no,3,no,no,no,0
3346,no,1,no,no,no,0
3347,no,1,no,no,no,0
3348,yes,2,no,yes,yes,1
3349,no,1,no,no,no,0
3350,no,3,no,no,no,0
3351,yes,2,no,no,yes,1
3352,no,2,no,no,no,0
3353,yes,2,yes,no,yes,1
3354,no,2,no,no,no,0
3355,no,4,no,no,no,0
3356,no,1,no,no,no,0
3357,yes,1,yes,no,yes,1
3358,yes,1,no,no,no,0
3359,yes,4,no,yes,no,1
3360,yes,2,yes,no,yes,1
3361,no,2,yes,no,yes,1
3362,no,3,no,no,no,0
3363,yes,2,no,no,no,0
3364,no,2,no,yes,no,1
3365,no,2,no,no,yes,1
3366,no,4,no,no,no,0
3367,no,3,no,no,no,0
3368,no,4,no,no,no,0
3369,yes,2,yes,yes,yes,1
3370,yes,2,no,no,yes,1
3372,no,4,no,no,no,0
3373,no,4,no,no,no,0
3374,no,1,no,yes,no,1
3375,yes,1,no,no,no,0
3376,no,4,no,no,yes,1
3377,no,3,no,no,no,0
3378,yes,1,yes,no,yes,1
3379,no,3,no,no,no,0
3380,no,2,no,yes,yes,1
3381,no,4,no,no,no,0
3382,no,1,no,no,no,0
3383,no,4,no,no,no,0
3384,no,2,no,no,yes,1
3385,no,1,yes,no,yes,1
3386,no,1,no,yes,no,1
3387,no,1,no,yes,no,1
3389,no,2,no,yes,no,1
3390,no,2,yes,no,yes,1
3391,no,4,no,no,no,0
3393,yes,2,yes,yes,yes,1
3394,no,2,no,no,no,0
3395,no,3,no,no,no,0
3396,yes,1,yes,no,yes,1
3397,no,1,no,no,yes,1
3398,yes,1,no,no,yes,1
3399,no,1,no,no,no,0
3400,no,1,no,no,yes,1
3401,no,2,no,no,no,0
3402,no,2,no,yes,no,1
3403,no,4,no,yes,no,1
3404,no,2,no,no,no,0
3405,yes,1,no,no,no,0
3406,no,3,no,yes,no,1
3407,no,4,no,no,no,0
3408,no,2,no,no,no,0
3409,no,2,no,no,no,0
3410,no,2,no,no,no,0
3411,no,1,yes,yes,yes,1
3412,no,4,no,yes,no,1
3413,no,2,no,no,no,0
3414,no,2,no,yes,no,1
3415,no,4,no,no,no,0
3416,yes,2,no,no,no,0
3417,yes,2,yes,no,yes,1
3418,no,3,no,no,no,0
3419,no,2,no,no,no,0
3420,no,1,no,no,no,0
3421,yes,1,yes,no,yes,1
3422,no,3,no,no,no,0
3423,no,1,no,yes,no,1
3424,no,1,no,no,no,0
3425,no,3,no,no,no,0
3426,no,2,no,no,no,0
3427,no,1,no,yes,no,1
3428,no,1,no,no,no,0
3429,no,1,no,yes,yes,1
3430,no,1,no,no,no,0
3431,no,3,no,no,no,0
3432,no,3,no,no,no,0
3433,yes,2,no,no,no,0
3434,no,1,no,no,no,0
3435,yes,1,yes,no,yes,1
3436,no,4,no,no,no,0
3437,yes,1,yes,no,yes,1
3438,no,2,no,no,no,0
3439,yes,2,yes,no,yes,1
3440,no,2,no,no,no,0
3441,no,4,no,no,no,0
3442,yes,2,yes,no,yes,1
3443,no,2,no,no,no,0
3444,no,4,no,yes,yes,1
3445,no,3,no,yes,no,1
3447,yes,2,yes,no,yes,1
3448,no,3,no,no,no,0
3449,yes,2,yes,no,yes,1
3450,no,2,yes,yes,yes,1
3451,no,1,no,no,no,0
3452,no,2,no,no,no,0
3453,no,2,no,yes,no,1
3454,no,4,no,no,no,0
3455,no,4,no,no,no,0
3456,yes,2,yes,no,yes,1
3457,no,1,no,no,no,0
3458,no,1,no,no,no,0
3459,no,1,no,yes,no,1
3460,yes,2,no,yes,no,1
3461,yes,1,no,yes,no,1
3462,no,2,no,yes,no,1
3463,no,2,no,no,no,0
3464,no,3,no,no,no,0
3465,yes,2,no,yes,no,1
3466,no,1,no,no,no,0
3467,no,2,no,no,no,0
3468,no,2,yes,no,yes,1
3469,no,1,no,no,no,0
3470,no,2,no,no,no,0
3471,no,2,no,no,no,0
3472,yes,1,no,no,no,0
3473,no,1,no,no,no,0
3474,no,2,no,no,no,0
3475,no,2,no,no,no,0
3476,yes,1,yes,no,yes,1
3477,no,3,no,no,no,0
3478,no,3,no,no,no,0
3479,no,1,no,no,no,0
3480,no,1,no,no,no,0
3481,yes,2,no,no,no,0
3482,no,3,no,no,no,0
3483,no,2,no,yes,no,1
3484,no,2,no,yes,no,1
3485,no,4,no,no,no,0
3486,yes,2,no,no,no,0
3487,yes,1,no,yes,no,1
3488,yes,2,no,no,no,0
3489,yes,2,no,yes,yes,1
3490,no,4,no,no,no,0
3491,no,2,no,no,no,0
3493,yes,1,no,no,no,0
3494,no,3,no,yes,no,1
3495,no,2,no,yes,no,1
3496,yes,2,yes,no,yes,1
3497,no,2,no,yes,no,1
3498,no,4,no,no,no,0
3499,no,1,no,no,no,0
3500,no,2,no,yes,no,1
3501,no,3,no,no,no,0
3502,no,1,no,no,no,0
3503,no,4,no,no,no,0
3504,no,2,no,yes,yes,1
3505,no,2,no,no,no,0
3507,no,2,no,yes,no,1
3508,yes,2,no,no,no,0
3509,no,1,no,no,no,0
3510,no,3,no,no,no,0
3511,no,2,no,yes,no,1
3512,no,3,no,no,no,0
3513,no,1,no,no,no,0
3514,no,3,no,no,no,0
3515,no,1,no,no,no,0
3516,no,2,no,no,no,0
3517,yes,2,no,yes,no,1
3518,no,2,no,yes,no,1
3519,no,2,no,no,no,0
3520,no,2,no,no,no,0
3521,no,1,no,yes,no,1
3522,no,2,no,no,no,0
3523,yes,2,no,yes,no,1
3524,no,1,no,no,no,0
3525,no,1,no,no,no,0
3526,no,2,no,no,no,0
3527,no,2,no,no,no,0
3528,no,2,no,no,no,0
3529,yes,2,yes,yes,yes,1
3530,no,3,no,no,no,0
3531,yes,2,yes,no,yes,1
3532,yes,1,no,no,no,0
3533,no,4,no,no,no,0
3534,no,3,no,no,no,0
3535,no,2,no,no,no,0
3536,no,3,no,no,no,0
3537,yes,2,no,yes,no,1
3538,no,3,no,no,no,0
3539,no,1,no,no,no,0
3540,no,1,no,yes,no,1
3541,no,3,no,no,no,0
3542,no,3,no,no,no,0
3543,no,2,no,no,no,0
3544,no,4,no,no,no,0
3545,yes,2,no,no,no,0
3546,no,2,no,no,no,0
3547,no,2,no,yes,no,1
3548,no,1,no,no,no,0
3549,yes,2,no,yes,yes,1
3550,no,3,no,yes,no,1
3551,no,1,no,no,yes,1
3552,yes,2,no,yes,no,1
3553,no,4,no,no,no,0
3554,no,1,no,yes,no,1
3555,no,3,no,no,no,0
3556,yes,2,no,no,no,0
3557,no,1,yes,no,yes,1
3558,no,2,no,no,no,0
3559,no,1,no,no,no,0
3560,no,2,no,yes,no,1
3561,yes,1,yes,no,yes,1
3562,no,2,no,yes,no,1
3563,yes,2,no,no,no,0
3564,no,1,no,yes,no,1
3565,no,4,no,yes,no,1
3566,no,2,no,yes,no,1
3567,no,4,no,no,no,0
3568,no,2,no,no,no,0
3569,no,3,no,no,no,0
3570,yes,2,yes,no,yes,1
3571,no,2,no,yes,no,1
3572,no,3,no,no,no,0
3573,no,1,no,yes,no,1
3574,yes,2,no,yes,yes,1
3575,yes,1,yes,no,yes,1
3576,yes,4,no,no,no,0
3577,no,1,no,yes,no,1
3578,no,3,no,no,no,0
3579,no,2,no,no,no,0
3580,no,2,no,no,no,0
3581,no,2,no,yes,yes,1
3582,no,1,no,no,no,0
3583,no,2,no,no,no,0
3584,yes,2,yes,no,yes,1
3585,no,4,no,no,no,0
3586,yes,1,yes,yes,no,1
3587,yes,1,no,no,yes,1
3588,no,2,no,no,no,0
3589,no,2,no,no,no,0
3590,no,1,no,no,no,0
3591,yes,1,no,yes,no,1
3592,yes,2,no,yes,no,1
3593,no,2,no,yes,no,1
3594,no,4,no,no,no,0
3595,no,2,no,yes,no,1
3596,yes,1,yes,no,yes,1
3597,no,2,no,no,no,0
3598,no,4,no,no,no,0
3599,no,2,no,no,no,0
3600,no,2,no,no,no,0
3601,no,2,no,no,no,0
3602,no,3,no,no,yes,1
3603,no,1,no,no,no,0
3604,no,1,no,no,yes,1
3605,no,3,no,no,no,0
3606,no,3,no,no,no,0
3607,no,3,no,no,no,0
3608,yes,2,no,yes,yes,1
3609,yes,2,yes,no,yes,1
3610,no,3,no,no,no,0
3611,no,1,no,yes,no,1
3612,yes,2,no,yes,no,1
3613,yes,2,no,no,no,0
3614,no,4,no,no,no,0
3615,yes,2,yes,no,yes,1
3616,no,1,no,no,no,0
3617,no,1,no,no,yes,1
3618,no,3,no,no,no,0
3619,no,1,no,no,no,0
3620,no,1,no,no,no,0
3621,no,2,no,no,no,0
3622,no,2,no,no,no,0
3623,no,3,no,no,no,0
3624,no,3,no,no,no,0
3625,no,3,no,no,no,0
3626,no,4,no,no,no,0
3627,no,3,no,no,no,0
3628,yes,1,no,no,no,0
3629,no,1,no,no,no,0
3630,no,4,no,no,no,0
3631,no,3,no,no,no,0
3632,yes,4,no,yes,no,1
3633,no,2,no,yes,no,1
3634,yes,2,no,no,no,0
3635,no,2,no,yes,yes,1
3636,no,3,no,yes,no,1
3637,no,2,yes,no,yes,1
3638,no,3,no,no,no,0
3639,yes,1,no,no,no,0
3640,no,2,yes,no,yes,1
3641,no,2,no,no,no,0
3642,yes,1,no,no,yes,1
3643,yes,2,no,yes,yes,1
3644,yes,2,no,no,no,0
3645,yes,2,no,no,no,0
3646,yes,1,yes,no,yes,1
3647,no,3,no,no,no,0
3648,no,3,no,no,no,0
3649,yes,1,no,no,no,0
3650,no,4,no,no,no,0
3651,no,2,no,yes,no,1
3652,no,3,no,no,no,0
3653,no,2,no,no,no,0
3654,no,4,no,no,no,0
3655,no,3,no,no,no,0
3656,no,1,yes,yes,yes,1
3657,no,2,no,no,no,0
3658,no,2,no,no,no,0
3659,no,1,no,yes,no,1
3660,no,1,no,no,no,0
3661,no,2,no,no,no,0
3662,yes,2,yes,no,yes,1
3663,no,2,no,yes,no,1
3664,no,1,yes,no,no,1
3665,yes,2,no,no,no,0
3666,yes,1,no,no,no,0
3667,no,1,no,yes,no,1
3668,yes,2,yes,no,yes,1
3669,no,1,no,no,no,0
3670,yes,1,yes,no,yes,1
3671,yes,2,no,no,no,0
3672,yes,1,no,no,yes,1
3673,yes,4,no,no,no,0
3674,no,1,no,no,no,0
3675,no,1,no,no,no,0
3676,no,4,no,no,no,0
3677,no,2,no,yes,no,1
3678,no,3,no,no,no,0
3679,no,2,yes,yes,yes,1
3680,no,2,no,no,no,0
3681,no,2,no,no,no,0
3682,yes,2,no,yes,no,1
3683,no,2,no,no,no,0
3684,yes,2,yes,yes,yes,1
3685,no,2,no,no,no,0
3686,no,1,no,no,no,0
3687,yes,2,no,yes,no,1
3688,yes,2,no,no,no,0
3689,yes,1,no,no,no,0
3690,no,1,no,no,no,0
3691,no,2,no,yes,no,1
3692,no,2,no,no,no,0
3693,no,2,no,no,no,0
3694,yes,2,no,no,no,0
3695,yes,1,no,yes,no,1
3696,no,3,yes,no,yes,1
3697,yes,2,no,no,no,0
3698,no,2,no,no,no,0
3699,yes,2,yes,no,yes,1
3700,no,3,no,no,no,0
3701,no,1,no,no,no,0
3703,yes,1,no,no,no,0
3704,no,2,no,yes,no,1
3705,no,2,no,no,no,0
3706,no,3,no,no,no,0
3707,no,3,no,no,no,0
3708,no,1,no,yes,no,1
3709,no,2,no,yes,no,1
3710,no,3,no,no,no,0
3711,no,3,no,no,no,0
3712,no,2,no,no,no,0
3713,no,1,no,no,no,0
3714,no,4,no,yes,no,1
3715,no,3,no,yes,no,1
3716,no,2,no,no,no,0
3717,no,1,yes,no,no,1
3718,yes,2,no,no,no,0
3719,yes,2,yes,yes,yes,1
3720,yes,1,yes,yes,yes,1
3721,no,1,no,no,no,0
3722,no,3,no,no,no,0
3723,no,4,no,no,no,0
3724,no,2,no,no,no,0
3725,no,3,no,no,no,0
3726,no,1,no,no,no,0
3727,yes,1,no,no,no,0
3728,yes,2,yes,no,yes,1
3729,yes,2,no,no,no,0
3730,no,1,no,no,yes,1
3731,yes,4,yes,yes,yes,1
3732,no,2,no,yes,no,1
3733,no,3,no,no,no,0
3734,no,3,no,no,no,0
3735,yes,2,yes,no,yes,1
3736,yes,2,no,no,no,0
3737,yes,2,yes,yes,yes,1
3738,yes,2,no,no,no,0
3739,no,3,no,yes,no,1
3740,no,4,no,no,no,0
3741,yes,2,no,yes,yes,1
3742,no,3,no,no,no,0
3743,yes,1,yes,no,yes,1
3744,yes,2,yes,no,yes,1
3745,no,2,no,no,no,0
3746,no,2,no,yes,no,1
3747,no,3,no,no,no,0
3748,yes,2,no,no,no,0
3749,yes,1,yes,no,yes,1
3750,no,3,no,no,no,0
3751,no,1,no,no,no,0
3752,yes,2,no,yes,no,1
3753,no,4,no,yes,no,1
3754,no,3,no,no,no,0
3755,no,3,no,yes,no,1
3756,no,2,no,no,no,0
3757,no,1,no,yes,yes,1
3758,yes,2,no,no,no,0
3759,yes,2,no,no,no,0
3760,no,2,no,yes,no,1
3761,yes,2,yes,yes,yes,1
3762,no,2,no,no,no,0
3763,no,1,no,no,no,0
3764,no,2,no,no,no,0
3765,no,1,no,yes,no,1
3766,no,2,no,no,no,0
3767,yes,1,yes,no,yes,1
3768,yes,2,yes,yes,yes,1
3769,yes,1,no,no,no,0
3770,no,3,no,no,no,0
3771,no,4,no,no,no,0
3772,no,2,no,no,no,0
3773,no,2,no,no,no,0
3774,no,2,yes,no,yes,1
3775,no,2,yes,no,yes,1
3776,no,2,yes,yes,yes,1
3777,no,3,no,no,no,0
3778,yes,2,no,no,no,0
3779,yes,2,yes,no,no,1
3780,no,3,no,no,no,0
3781,no,4,no,no,no,0
3782,yes,1,no,no,no,0
3783,no,2,no,yes,no,1
3784,yes,1,yes,yes,yes,1
3785,no,1,yes,yes,no,1
3786,yes,1,no,no,no,0
3787,no,2,no,no,no,0
3788,no,3,no,no,no,0
3789,yes,2,yes,no,yes,1
3790,no,2,yes,no,no,1
3791,no,3,no,no,no,0
3792,no,3,no,no,no,0
3793,no,2,no,no,no,0
3794,yes,2,no,no,no,0
3795,no,4,no,yes,no,1
3796,no,4,no,no,no,0
3797,no,2,no,no,no,0
3798,no,3,no,yes,no,1
3799,no,3,no,no,no,0
3800,no,1,no,no,no,0
3801,no,2,no,no,no,0
3802,no,3,no,yes,no,1
3803,no,2,yes,yes,yes,1
3804,yes,4,no,no,no,0
3805,no,1,no,no,no,0
3806,yes,1,no,no,no,0
3807,no,2,no,no,yes,1
3808,yes,4,no,no,no,0
3809,yes,1,no,no,no,0
3810,no,1,no,no,no,0
3811,no,2,no,yes,no,1
3812,no,2,no,no,no,0
3813,no,3,no,no,no,0
3814,no,1,no,no,no,0
3815,no,2,no,no,no,0
3816,no,2,yes,no,yes,1
3817,yes,1,no,no,yes,1
3818,no,2,yes,no,yes,1
3819,no,1,no,no,no,0
3820,no,1,no,no,no,0
3821,no,1,no,no,no,0
3822,no,2,no,yes,no,1
3823,no,3,no,no,no,0
3824,no,3,no,no,no,0
3825,no,4,no,yes,yes,1
3826,no,4,no,yes,no,1
3827,no,2,no,yes,yes,1
3828,yes,1,no,yes,no,1
3829,no,1,no,no,no,0
3830,no,2,no,yes,no,1
3831,no,2,no,no,no,0
3832,no,1,no,no,no,0
3834,no,3,no,no,no,0
3835,no,2,no,yes,no,1
3836,no,2,no,no,no,0
3837,yes,4,yes,no,yes,1
3838,no,2,no,no,no,0
3839,yes,1,yes,no,yes,1
3840,no,1,no,no,no,0
3841,yes,2,no,no,no,0
3842,no,2,no,no,no,0
3843,no,2,no,no,yes,1
3844,no,2,no,yes,no,1
3845,no,4,no,no,no,0
3846,no,1,no,no,yes,1
3847,yes,2,yes,no,yes,1
3848,yes,2,no,no,no,0
3849,yes,1,yes,no,yes,1
3850,yes,4,no,no,no,0
3851,no,4,no,no,no,0
3852,no,4,no,no,no,0
3853,no,1,yes,yes,yes,1
3854,no,1,no,yes,no,1
3855,no,2,no,yes,no,1
3856,no,1,no,no,no,0
3857,yes,2,yes,no,yes,1
3858,yes,3,no,no,no,0
3859,no,4,no,no,no,0
3860,yes,1,no,yes,no,1
3861,no,1,no,no,no,0
3862,no,2,no,yes,no,1
3863,no,1,no,no,no,0
3864,yes,2,yes,yes,yes,1
3866,no,1,no,no,no,0
3867,no,1,no,yes,no,1
3868,no,3,no,no,no,0
3869,no,4,no,no,no,0
3870,no,3,no,yes,no,1
3871,yes,3,no,yes,no,1
3872,yes,2,no,yes,no,1
3874,no,3,no,no,no,0
3876,no,4,no,no,no,0
3877,no,2,no,yes,no,1
3878,no,2,no,yes,no,1
3879,no,2,no,no,no,0
3881,yes,1,no,no,no,0
3882,no,4,no,no,no,0
3883,no,3,no,no,no,0
3884,no,3,no,no,yes,1
3885,no,2,no,no,yes,1
3886,no,2,no,no,no,0
3887,no,4,no,no,no,0
3888,no,2,no,no,no,0
3889,no,1,no,no,no,0
3890,no,2,no,no,no,0
3891,yes,2,no,yes,no,1
3892,no,4,no,no,no,0
3893,yes,1,yes,no,yes,1
3894,no,2,yes,no,yes,1
3895,no,1,yes,no,yes,1
3896,no,2,no,no,no,0
3897,no,2,yes,yes,yes,1
3898,no,1,no,no,no,0
3899,yes,2,yes,yes,yes,1
3900,no,2,no,yes,no,1
3901,no,3,no,no,no,0
3902,no,2,no,no,no,0
3903,yes,2,no,yes,no,1
3904,yes,1,yes,yes,yes,1
3905,no,1,no,no,no,0
3906,no,3,no,no,no,0
3907,no,4,no,no,no,0
3908,no,3,no,no,no,0
3909,yes,1,yes,no,yes,1
3910,yes,2,no,yes,no,1
3911,no,2,no,no,no,0
3912,no,1,no,no,no,0
3913,no,4,no,no,no,0
3914,no,1,no,no,no,0
3915,no,2,no,yes,no,1
3916,yes,2,no,no,no,0
3917,no,2,no,yes,no,1
3918,no,1,no,no,no,0
3919,yes,2,no,no,no,0
3920,yes,1,no,no,no,0
3921,yes,1,yes,no,yes,1
3922,yes,2,no,no,no,0
3923,yes,4,no,yes,no,1
3924,no,2,no,yes,no,1
3925,yes,1,no,no,no,0
3926,no,2,no,no,no,0
3927,yes,2,no,no,no,0
3928,no,2,no,no,no,0
3929,no,2,yes,no,yes,1
3930,no,1,no,yes,no,1
3931,yes,1,yes,no,yes,1
3932,no,4,no,no,no,0
3933,no,3,no,no,no,0
3934,no,1,no,no,no,0
3935,yes,1,no,yes,no,1
3936,no,4,no,yes,no,1
3937,no,2,no,no,no,0
3938,no,2,no,no,no,0
3939,no,3,no,no,no,0
3940,no,3,no,no,no,0
3941,no,4,no,yes,no,1
3942,no,2,no,yes,no,1
3943,no,4,no,yes,no,1
3944,no,3,no,no,no,0
3945,no,3,no,yes,no,1
3946,yes,2,no,yes,no,1
3947,no,1,no,no,no,0
3948,no,1,yes,no,yes,1
3949,no,4,no,no,no,0
3950,yes,2,no,yes,no,1
3952,yes,2,yes,no,yes,1
3953,no,1,yes,yes,yes,1
3954,no,1,no,no,no,0
3955,no,2,no,no,no,0
3956,no,1,no,no,no,0
3957,no,1,no,yes,no,1
3958,no,2,no,no,no,0
3959,no,2,no,yes,no,1
3960,no,2,no,yes,no,1
3961,no,2,no,no,no,0
3962,no,2,no,no,no,0
3963,yes,2,no,yes,no,1
3964,no,3,no,no,no,0
3965,no,1,no,yes,no,1
3966,yes,1,yes,no,yes,1
3967,yes,2,yes,no,yes,1
3968,no,4,no,no,no,0
3969,no,3,no,no,no,0
3970,no,3,no,no,yes,1
3971,no,2,no,no,no,0
3972,yes,1,yes,no,yes,1
3973,no,2,no,yes,no,1
3974,no,3,no,no,no,0
3975,no,3,no,no,no,0
3976,yes,2,no,yes,no,1
3977,no,3,no,no,no,0
3978,no,3,no,no,no,0
3979,yes,4,yes,no,yes,1
3980,no,2,no,no,no,0
3981,no,4,no,no,no,0
3982,no,2,no,yes,no,1
3983,yes,4,no,no,no,0
3984,no,4,no,yes,no,1
3985,yes,2,no,no,no,0
3986,no,2,no,no,no,0
3987,no,2,no,no,yes,1
3989,no,3,no,no,no,0
3990,no,3,no,no,no,0
3991,yes,4,no,no,no,0
3992,no,4,no,yes,no,1
3993,no,3,no,no,no,0
3994,no,3,no,no,no,0
3995,no,3,no,no,no,0
3996,no,1,no,yes,no,1
3997,no,2,no,no,no,0
3998,no,2,no,yes,no,1
3999,no,2,no,no,no,0
4001,no,1,yes,no,yes,1
4002,no,2,no,no,no,0
4003,no,2,yes,no,yes,1
4004,no,1,no,no,no,0
4005,no,3,no,no,no,0
4006,no,2,no,no,no,0
4007,yes,2,yes,no,yes,1
4008,no,4,no,no,no,0
4009,no,1,no,no,no,0
4010,no,2,no,no,no,0
4011,yes,4,no,yes,no,1
4012,no,1,no,no,no,0
4013,no,1,no,no,no,0
4014,yes,2,no,no,no,0
4015,no,1,no,no,no,0
4016,no,1,no,no,no,0
4017,no,2,no,no,no,0
4018,no,2,no,no,no,0
4019,no,2,no,no,no,0
4020,no,3,no,no,no,0
4021,no,4,no,yes,no,1
4022,no,1,no,no,no,0
4023,no,3,no,no,no,0
4024,no,2,no,no,no,0
4025,no,2,no,no,no,0
4027,no,3,no,no,no,0
4028,no,4,no,no,no,0
4029,no,3,no,no,no,0
4030,no,2,yes,yes,yes,1
4031,no,2,yes,no,no,1
4032,no,3,no,no,no,0
4033,no,1,no,no,yes,1
4034,no,2,no,no,no,0
4035,yes,2,no,yes,no,1
4036,yes,1,no,no,no,0
4037,no,2,no,no,no,0
4038,no,2,no,yes,no,1
4039,yes,2,no,no,no,0
4040,no,1,no,no,no,0
4041,no,2,no,no,no,0
4042,no,2,yes,yes,no,1
4043,no,4,no,yes,no,1
4044,yes,2,no,no,yes,1
4045,yes,2,no,no,no,0
4046,yes,1,yes,no,yes,1
4047,no,4,no,no,no,0
4048,yes,1,no,yes,no,1
4049,yes,1,no,no,no,0
4050,no,4,no,no,no,0
4051,yes,3,yes,no,yes,1
4052,no,4,no,no,no,0
4053,no,1,no,no,no,0
4054,no,3,no,no,no,0
4055,no,3,no,no,no,0
4056,yes,2,no,no,no,0
4058,no,2,no,no,no,0
4059,no,1,no,yes,no,1
4060,no,2,no,no,no,0
4061,yes,1,yes,no,yes,1
4062,no,3,no,no,no,0
4063,no,2,no,no,no,0
4064,no,1,no,yes,no,1
4065,yes,1,no,no,no,0
4066,no,3,no,yes,no,1
4067,no,2,no,yes,no,1
4068,yes,2,yes,no,yes,1
4069,no,1,no,no,yes,1
4070,no,1,no,yes,no,1
4071,yes,2,no,no,no,0
4072,no,4,no,no,no,0
4073,no,4,no,no,no,0
4074,no,2,no,no,no,0
4075,yes,1,yes,no,yes,1
4076,no,1,no,no,no,0
4077,no,2,no,no,no,0
4078,no,2,yes,yes,yes,1
4079,no,1,no,yes,no,1
4080,no,1,no,yes,no,1
4081,yes,2,yes,no,no,1
4082,no,1,yes,no,yes,1
4083,no,4,no,no,no,0
4084,yes,2,no,no,no,0
4085,yes,2,no,no,no,0
4086,yes,1,no,no,no,0
4087,no,4,no,no,no,0
4088,no,2,no,no,no,0
4089,no,2,no,no,no,0
4090,yes,1,no,no,no,0
4091,yes,2,no,no,no,0
4092,yes,2,no,no,no,0
4093,yes,4,no,no,no,0
4094,no,1,no,yes,no,1
4095,no,4,no,no,no,0
4096,no,1,no,no,no,0
4097,yes,2,no,yes,no,1
4098,no,1,no,no,no,0
4099,no,3,no,no,no,0
4100,no,3,no,yes,no,1
4101,no,1,no,yes,no,1
4102,no,2,no,yes,no,1
4103,no,1,no,yes,no,1
4104,no,2,no,yes,no,1
4105,no,2,no,no,no,0
4106,no,2,no,no,no,0
4107,no,2,no,no,no,0
4108,no,2,no,no,no,0
4109,no,2,no,no,no,0
4110,no,2,no,no,no,0
4112,no,1,no,no,no,0
4113,no,2,no,no,no,0
4114,no,1,no,no,yes,1
4115,no,1,no,no,no,0
4116,no,1,yes,no,yes,1
4117,no,2,no,yes,no,1
4118,no,4,no,no,no,0
4119,yes,1,no,yes,no,1
4120,yes,2,yes,no,yes,1
4121,no,2,no,yes,yes,1
4122,no,2,no,no,no,0
4123,no,2,no,no,no,0
4124,no,2,yes,yes,yes,1
4125,no,1,yes,no,yes,1
4126,yes,4,no,no,no,0
4127,no,2,no,no,no,0
4129,yes,2,no,no,no,0
4130,no,2,yes,yes,yes,1
4131,yes,1,no,no,no,0
4132,no,1,no,no,no,0
4133,yes,1,yes,no,yes,1
4134,yes,2,no,yes,no,1
4135,no,4,no,no,no,0
4136,yes,1,no,yes,no,1
4137,no,2,no,yes,no,1
4138,yes,2,no,no,no,0
4139,yes,2,no,no,no,0
4140,yes,3,yes,no,yes,1
4141,no,3,no,no,no,0
4142,no,4,no,no,no,0
4143,no,4,no,yes,no,1
4144,no,2,no,no,no,0
4145,no,4,no,no,no,0
4146,no,1,no,no,no,0
4147,no,2,no,no,no,0
4148,yes,1,yes,no,yes,1
4149,no,1,no,no,no,0
4150,no,2,no,no,no,0
4151,no,3,no,no,no,0
4152,no,1,no,no,no,0
4153,yes,2,no,yes,no,1
4154,yes,1,no,yes,no,1
4155,no,2,no,yes,no,1
4156,yes,2,no,no,yes,1
4157,no,3,no,no,no,0
4158,no,2,no,yes,no,1
4159,no,4,no,no,no,0
4160,no,2,no,yes,no,1
4161,no,3,no,yes,no,1
4162,no,2,no,yes,no,1
4163,no,1,no,no,no,0
4164,yes,1,yes,no,yes,1
4165,no,2,yes,yes,yes,1
4166,no,2,no,yes,no,1
4167,yes,4,no,no,no,0
4168,no,3,no,no,no,0
4169,no,2,no,no,yes,1
4170,yes,1,yes,no,yes,1
4171,no,1,no,yes,no,1
4172,yes,2,yes,no,yes,1
4173,no,3,no,no,no,0
4174,no,3,no,no,no,0
4175,no,4,no,yes,no,1
4176,yes,1,no,yes,no,1
4177,no,1,yes,no,yes,1
4178,no,2,no,yes,no,1
4179,no,1,yes,no,yes,1
4180,no,2,no,no,no,0
4181,no,3,no,no,no,0
4182,yes,2,no,no,no,0
4183,no,1,no,no,no,0
4184,no,2,no,no,no,0
4185,no,1,no,no,no,0
4186,no,3,no,no,no,0
4187,no,2,no,yes,yes,1
4188,no,3,no,no,no,0
4189,no,3,no,yes,no,1
4190,no,2,yes,yes,yes,1
4191,no,2,no,yes,yes,1
4192,no,2,yes,yes,yes,1
4193,no,1,no,yes,no,1
4194,no,1,no,no,no,0
4195,no,2,no,no,no,0
4196,yes,2,no,no,no,0
4197,yes,2,yes,yes,yes,1
4198,no,3,no,no,no,0
4199,no,2,yes,no,yes,1
4200,no,3,no,no,no,0
4201,no,2,no,yes,no,1
4202,yes,2,yes,no,yes,1
4204,yes,2,no,no,yes,1
4205,no,3,no,no,no,0
4206,no,1,no,no,no,0
4207,no,2,no,yes,no,1
4208,no,3,no,no,no,0
4209,no,4,no,no,no,0
4210,no,4,no,no,no,0
4211,no,1,no,no,yes,1
4212,yes,1,yes,no,yes,1
4213,yes,1,no,yes,yes,1
4214,no,2,yes,no,yes,1
4215,no,1,no,no,no,0
4216,no,1,yes,no,yes,1
4217,yes,2,yes,yes,yes,1
4218,yes,2,no,no,no,0
4219,no,2,yes,no,yes,1
4220,no,2,no,yes,no,1
4221,no,1,no,yes,no,1
4222,no,2,no,no,no,0
4223,no,2,no,yes,no,1
4224,no,2,no,no,no,0
4225,yes,1,no,no,yes,1
4226,yes,2,yes,no,yes,1
4227,no,1,no,yes,no,1
4228,no,1,yes,no,yes,1
4229,no,1,no,no,yes,1
4230,yes,2,yes,no,yes,1
4231,no,3,no,no,no,0
4232,yes,2,yes,no,yes,1
4233,no,1,no,no,no,0
4234,yes,2,no,yes,no,1
4235,no,2,yes,yes,yes,1
4236,no,2,no,no,no,0
4237,no,3,no,no,no,0
4238,no,2,no,no,no,0
4239,yes,4,no,yes,no,1
4240,no,2,no,yes,no,1
4241,no,3,no,no,no,0
4242,no,2,no,no,no,0
4243,no,2,yes,no,yes,1
4244,no,2,no,no,no,0
4245,yes,1,no,yes,no,1
4246,no,2,no,no,no,0
4247,no,3,no,no,no,0
4248,no,3,no,no,no,0
4249,no,4,no,no,no,0
4250,no,4,no,no,no,0
4251,yes,2,yes,yes,yes,1
4252,no,4,no,no,no,0
4254,no,4,no,no,no,0
4255,no,2,no,no,no,0
4256,no,3,no,no,no,0
4257,yes,2,no,no,no,0
4258,no,2,yes,no,yes,1
4259,no,1,no,no,no,0
4260,no,2,no,no,no,0
4261,no,1,no,no,no,0
4262,no,2,no,yes,no,1
4264,yes,1,yes,yes,yes,1
4265,no,2,no,no,no,0
4266,yes,2,yes,yes,yes,1
4267,no,2,no,no,no,0
4268,no,1,yes,no,yes,1
4269,no,1,no,no,no,0
4270,yes,4,yes,no,yes,1
4271,no,3,no,no,no,0
4272,no,2,no,yes,no,1
4273,no,1,no,yes,yes,1
4274,no,2,no,no,no,0
4275,yes,2,no,yes,no,1
4277,no,2,no,yes,no,1
4278,no,3,no,no,no,0
4279,no,4,no,no,yes,1
4280,no,2,no,no,no,0
4281,no,2,no,no,no,0
4282,yes,4,yes,no,yes,1
4283,no,4,no,yes,no,1
4284,no,2,no,no,no,0
4285,no,2,no,no,no,0
4286,yes,2,yes,no,yes,1
4287,no,3,no,yes,no,1
4288,no,2,no,no,no,0
4289,no,4,no,no,no,0
4290,no,3,no,no,no,0
4291,no,2,no,no,no,0
4292,no,2,no,yes,no,1
4293,no,2,no,yes,no,1
4294,yes,2,no,yes,no,1
4295,no,2,no,no,no,0
4296,no,2,no,no,no,0
4297,yes,2,no,yes,no,1
4298,no,1,no,no,no,0
4299,no,2,no,no,no,0
4300,no,1,no,yes,no,1
4301,no,2,no,no,no,0
4302,no,2,yes,no,yes,1
4303,yes,2,no,yes,no,1
4304,yes,4,no,yes,no,1
4305,no,1,no,no,no,0
4306,no,2,no,no,no,0
4307,no,3,no,no,no,0
4308,no,2,no,yes,no,1
4309,no,3,no,no,no,0
4310,no,1,no,no,yes,1
4311,no,4,no,no,no,0
4312,yes,2,yes,no,yes,1
4313,no,4,no,no,no,0
4314,no,1,no,no,no,0
4315,no,1,no,no,no,0
4316,no,1,yes,no,yes,1
4317,no,3,no,no,no,0
4318,no,3,no,no,no,0
4319,no,2,no,yes,no,1
4320,no,2,no,no,no,0
4321,yes,2,yes,yes,yes,1
4322,no,2,no,no,no,0
4323,yes,2,yes,no,yes,1
4324,no,1,no,no,no,0
4325,no,2,no,no,no,0
4326,no,2,no,no,no,0
4327,no,3,no,no,no,0
4328,yes,2,yes,no,yes,1
4329,no,4,no,yes,no,1
4330,no,1,no,no,no,0
4331,no,4,no,no,no,0
4332,no,3,no,yes,no,1
4333,no,4,no,no,no,0
4334,yes,2,no,yes,yes,1
4335,no,2,no,yes,no,1
4336,no,2,no,no,no,0
4337,no,2,no,no,no,0
4338,no,2,no,yes,no,1
4339,no,1,no,no,no,0
4340,yes,2,no,no,no,0
4341,yes,4,no,yes,no,1
4342,yes,1,yes,yes,yes,1
4343,no,2,no,no,no,0
4344,no,1,no,yes,no,1
4345,no,3,no,no,no,0
4347,no,3,no,no,no,0
4348,yes,1,yes,no,yes,1
4349,no,1,no,yes,no,1
4351,no,2,yes,no,yes,1
4352,no,2,yes,no,yes,1
4353,yes,2,no,no,no,0
4354,no,3,no,no,no,0
4355,no,2,no,no,no,0
4356,no,2,no,no,no,0
4357,yes,2,no,no,no,0
4358,no,2,no,no,no,0
4359,no,2,no,no,yes,1
4360,no,1,no,no,no,0
4361,yes,1,no,no,no,0
4362,no,1,yes,no,yes,1
4363,no,3,no,no,no,0
4364,yes,2,yes,yes,yes,1
4365,no,3,no,no,no,0
4366,no,3,no,no,no,0
4367,yes,2,no,no,no,0
4368,yes,2,no,no,no,0
4369,no,2,no,no,no,0
4370,yes,1,no,no,no,0
4371,yes,1,yes,no,yes,1
4372,no,2,no,yes,yes,1
4373,yes,1,no,yes,no,1
4374,no,3,no,no,no,0
4375,no,2,no,no,no,0
4376,no,2,no,no,no,0
4377,yes,1,yes,no,yes,1
4378,no,3,no,no,no,0
4379,no,3,no,no,no,0
4380,no,2,no,no,yes,1
4381,no,3,no,yes,no,1
4382,no,3,no,yes,no,1
4383,no,3,no,no,no,0
4384,no,2,no,yes,no,1
4385,no,2,no,yes,no,1
4386,no,3,no,no,no,0
4387,no,2,no,yes,no,1
4388,yes,1,no,no,no,0
4389,no,2,no,yes,no,1
4390,no,3,no,no,no,0
4391,no,1,no,no,no,0
4392,no,2,no,no,no,0
4393,yes,2,no,no,no,0
4394,no,4,no,yes,no,1
4395,no,1,no,no,no,0
4396,no,3,no,no,no,0
4397,no,1,no,no,no,0
4398,no,2,no,no,yes,1
4400,no,2,no,no,no,0
4401,yes,1,no,no,no,0
4402,no,4,no,no,no,0
4403,no,4,no,no,no,0
4404,no,4,no,yes,no,1
4405,no,1,no,no,no,0
4406,no,1,no,no,no,0
4407,no,4,no,no,no,0
4408,no,1,yes,no,no,1
4409,yes,1,no,no,no,0
4410,no,2,no,no,no,0
4411,no,1,no,no,no,0
4412,yes,2,no,no,no,0
4413,no,2,no,no,no,0
4414,no,1,no,yes,no,1
4415,no,4,no,yes,no,1
4416,no,2,no,yes,no,1
4417,yes,1,no,no,no,0
4418,no,2,no,no,no,0
4419,no,4,no,no,no,0
4420,no,3,no,no,no,0
4422,no,4,no,yes,no,1
4423,no,3,no,no,no,0
4424,yes,2,yes,no,yes,1
4425,no,3,no,no,no,0
4426,yes,1,no,no,no,0
4427,no,1,yes,no,yes,1
4428,yes,1,yes,yes,yes,1
4429,no,3,no,no,no,0
4430,no,2,yes,no,yes,1
4431,no,2,no,no,no,0
4432,no,2,no,no,no,0
4433,no,1,no,no,no,0
4434,yes,2,no,no,no,0
4435,no,1,no,no,no,0
4436,no,4,no,no,no,0
4437,no,2,no,yes,no,1
4439,yes,1,no,yes,no,1
4440,yes,2,no,no,no,0
4441,no,2,yes,yes,yes,1
4442,no,2,no,no,no,0
4443,yes,1,no,no,no,0
4444,yes,2,no,no,yes,1
4445,no,2,no,no,no,0
4447,no,3,no,no,no,0
4448,yes,1,no,no,no,0
4449,no,1,no,no,no,0
4450,yes,4,no,no,no,0
4451,no,3,no,no,no,0
4452,no,4,no,no,no,0
4453,yes,2,no,no,no,0
4454,no,4,no,no,no,0
4455,yes,2,no,no,no,0
4456,no,2,no,no,no,0
4457,yes,2,no,no,no,0
4458,yes,3,no,no,no,0
4459,no,2,no,no,no,0
4460,no,1,no,yes,no,1
4461,no,4,no,no,no,0
4462,no,1,yes,no,yes,1
4463,no,2,no,no,yes,1
4464,no,2,no,yes,no,1
4465,no,3,no,no,no,0
4466,no,2,no,no,no,0
4467,no,2,no,no,no,0
4468,no,1,yes,no,yes,1
4469,no,2,no,no,no,0
4470,yes,2,no,yes,no,1
4471,yes,1,yes,no,yes,1
4472,no,3,no,no,no,0
4473,no,2,no,yes,no,1
4474,no,2,no,no,no,0
4475,no,4,no,no,no,0
4477,no,1,no,no,no,0
4478,no,2,yes,no,yes,1
4479,no,1,no,yes,no,1
4480,yes,4,no,no,no,0
4481,no,3,no,no,no,0
4482,no,2,no,no,no,0
4483,no,3,no,no,no,0
4484,yes,2,yes,no,yes,1
4485,yes,1,no,no,no,0
4486,no,2,no,yes,no,1
4487,no,2,no,yes,no,1
4488,no,1,no,no,no,0
4489,no,4,no,no,no,0
4490,no,3,no,no,no,0
4491,no,3,no,no,no,0
4492,yes,1,yes,yes,yes,1
4493,yes,2,yes,no,yes,1
4494,no,2,no,yes,yes,1
4495,yes,2,no,yes,yes,1
4496,no,3,no,no,no,0
4497,no,3,no,no,no,0
4498,yes,1,yes,no,yes,1
4499,no,2,no,yes,yes,1
4500,yes,1,yes,no,yes,1
4501,no,1,no,no,no,0
4502,yes,2,yes,no,yes,1
4503,yes,2,yes,no,yes,1
4504,no,2,no,no,no,0
4505,no,1,no,no,no,0
4506,no,3,no,no,no,0
4507,no,4,no,no,no,0
4508,yes,2,no,no,no,0
4509,yes,2,yes,yes,yes,1
4510,no,2,yes,yes,yes,1
4511,no,1,no,no,no,0
4512,no,2,no,yes,no,1
4513,no,4,no,no,no,0
4514,no,4,no,yes,no,1
4515,yes,1,yes,yes,no,1
4516,no,2,no,no,no,0
4517,no,4,no,no,no,0
4518,no,4,no,no,no,0
4519,yes,2,yes,no,yes,1
4520,no,3,no,no,no,0
4521,no,3,no,no,no,0
4522,no,4,no,no,no,0
4523,no,2,no,no,no,0
4524,no,2,no,yes,no,1
4525,no,2,no,no,yes,1
4526,yes,2,yes,yes,yes,1
4527,yes,2,yes,no,yes,1
4528,no,3,no,no,no,0
4529,yes,1,yes,no,no,1
4530,no,3,no,no,no,0
4531,no,2,no,yes,no,1
4532,no,2,no,no,no,0
4533,no,4,no,no,no,0
4534,no,4,no,no,no,0
4535,yes,2,no,no,no,0
4536,yes,2,no,no,no,0
4537,no,2,no,no,no,0
4538,yes,2,no,no,no,0
4539,no,1,no,no,no,0
4540,yes,2,no,no,no,0
4541,no,1,yes,no,yes,1
4542,no,4,no,yes,no,1
4543,no,2,no,no,no,0
4544,no,1,no,no,no,0
4546,yes,2,no,no,no,0
4547,yes,1,no,no,no,0
4548,no,2,yes,yes,yes,1
4550,no,2,no,no,no,0
4551,no,4,no,no,no,0
4552,yes,2,yes,no,no,1
4553,no,1,no,no,no,0
4554,no,1,no,no,no,0
4555,yes,2,no,no,no,0
4556,yes,1,no,no,no,0
4557,no,2,no,no,no,0
4558,no,1,no,no,no,0
4559,no,1,no,no,no,0
4560,no,4,no,no,no,0
4561,no,1,no,no,no,0
4562,no,3,no,no,no,0
4563,no,1,no,no,no,0
4564,yes,2,no,yes,yes,1
4565,no,4,no,no,no,0
4566,no,4,no,no,no,0
4567,no,2,no,no,no,0
4569,no,1,no,no,no,0
4570,no,4,no,no,no,0
4571,no,4,no,yes,no,1
4572,no,2,no,yes,yes,1
4573,no,2,yes,yes,yes,1
4574,no,2,no,yes,no,1
4575,yes,2,no,no,no,0
4576,yes,2,yes,no,yes,1
4577,no,2,no,no,no,0
4578,yes,1,yes,no,yes,1
4579,no,2,yes,yes,yes,1
4580,no,2,no,no,no,0
4581,no,3,no,no,no,0
4582,no,2,no,no,no,0
4583,no,4,no,no,no,0
4584,yes,2,yes,no,yes,1
4585,no,2,no,yes,no,1
4586,no,1,no,no,no,0
4587,no,3,no,no,no,0
4588,yes,2,yes,no,yes,1
4589,no,2,no,yes,no,1
4590,no,3,no,no,no,0
4591,yes,1,yes,yes,yes,1
4592,yes,2,no,yes,no,1
4593,no,1,no,no,no,0
4594,no,1,no,no,no,0
4595,no,3,no,no,no,0
4596,yes,1,no,no,yes,1
4597,no,1,no,yes,no,1
4598,yes,2,yes,yes,yes,1
4599,no,4,no,yes,no,1
4600,no,1,no,no,no,0
4601,no,2,no,no,no,0
4602,no,3,no,no,no,0
4603,no,1,no,yes,no,1
4604,no,3,no,yes,no,1
4605,no,2,yes,no,no,1
4606,yes,1,yes,no,yes,1
4607,yes,2,yes,no,yes,1
4608,no,2,no,no,no,0
4609,no,3,no,no,no,0
4610,yes,1,no,no,no,0
4611,yes,3,no,no,no,0
4612,no,4,no,no,no,0
4613,yes,1,no,no,no,0
4614,no,2,no,no,no,0
4615,no,3,no,no,yes,1
4616,yes,2,yes,no,yes,1
4617,yes,1,no,no,no,0
4618,yes,2,yes,no,yes,1
4619,no,1,no,no,no,0
4620,no,1,no,no,no,0
4621,no,3,no,no,no,0
4622,yes,1,yes,no,yes,1
4623,no,1,no,no,no,0
4624,no,2,no,yes,no,1
4625,yes,3,yes,no,yes,1
4626,no,2,no,no,no,0
4627,no,4,no,no,no,0
4628,no,2,no,yes,no,1
4629,no,2,no,no,no,0
4630,no,3,no,no,no,0
4631,no,3,no,no,no,0
4632,no,2,no,no,no,0
4633,no,2,no,no,no,0
4634,yes,1,yes,no,yes,1
4635,yes,2,no,no,yes,1
4636,no,1,no,no,no,0
4637,yes,1,no,no,no,0
4638,yes,1,no,yes,no,1
4639,no,3,no,no,no,0
4640,no,2,no,no,yes,1
4641,yes,2,yes,no,yes,1
4642,no,2,no,no,no,0
4643,no,2,no,yes,no,1
4644,no,4,no,no,no,0
4645,no,2,no,no,no,0
4646,no,1,no,no,no,0
4647,no,3,no,no,no,0
4648,yes,2,yes,no,yes,1
4649,yes,1,no,no,no,0
4650,yes,1,yes,no,yes,1
4651,no,1,no,yes,no,1
4652,no,1,no,no,yes,1
4653,no,3,no,no,no,0
4654,no,3,no,no,no,0
4655,no,1,no,no,no,0
4656,yes,2,yes,yes,yes,1
4657,no,2,no,yes,no,1
4658,no,4,no,no,no,0
4659,no,1,no,no,no,0
4660,yes,1,no,yes,no,1
4661,yes,1,yes,no,yes,1
4662,yes,2,yes,yes,yes,1
4663,no,1,no,no,no,0
4664,no,1,no,yes,no,1
4665,no,3,no,yes,no,1
4666,no,2,no,yes,no,1
4667,no,2,no,yes,no,1
4668,no,1,no,no,no,0
4669,no,1,no,no,no,0
4670,no,2,no,no,no,0
4671,no,2,no,yes,no,1
4672,no,4,no,no,no,0
4673,no,3,no,yes,no,1
4674,yes,1,no,no,no,0
4675,no,2,yes,no,yes,1
4676,no,1,no,no,no,0
4677,yes,2,yes,no,yes,1
4678,no,2,no,no,yes,1
4679,no,2,no,yes,no,1
4680,no,1,no,no,no,0
4681,no,2,no,yes,yes,1
4682,yes,1,no,no,no,0
4683,yes,2,yes,yes,yes,1
4684,no,1,no,no,no,0
4685,no,2,yes,yes,yes,1
4686,no,2,yes,no,yes,1
4687,yes,2,no,no,no,0
4688,no,2,no,yes,no,1
4689,no,4,no,no,no,0
4690,yes,1,no,no,no,0
4691,yes,2,no,no,no,0
4692,yes,2,yes,no,yes,1
4693,yes,2,no,yes,no,1
4694,yes,2,no,yes,no,1
4695,yes,2,no,yes,no,1
4696,no,1,no,yes,no,1
4697,no,2,yes,no,yes,1
4698,yes,2,no,no,no,0
4699,no,2,no,no,no,0
4700,no,1,yes,no,yes,1
4701,no,3,no,yes,no,1
4702,no,2,no,no,no,0
4703,no,3,no,no,no,0
4704,yes,2,no,no,no,0
4705,no,1,no,no,no,0
4706,no,2,no,no,no,0
4707,no,3,no,no,no,0
4708,no,2,no,no,no,0
4709,yes,1,yes,no,yes,1
4710,no,1,yes,yes,yes,1
4711,no,2,no,no,no,0
4712,no,1,no,yes,no,1
4713,no,4,no,yes,no,1
4714,yes,3,no,no,no,0
4715,yes,1,no,no,no,0
4716,no,3,no,no,no,0
4717,yes,1,no,no,yes,1
4718,no,2,no,yes,no,1
4719,no,2,yes,yes,yes,1
4720,no,1,no,no,no,0
4721,no,2,no,no,no,0
4722,no,2,no,no,no,0
4723,no,4,no,no,no,0
4724,no,3,no,yes,no,1
4725,yes,2,yes,no,yes,1
4726,yes,1,no,yes,no,1
4727,no,2,no,no,no,0
4728,no,2,no,no,yes,1
4729,no,1,no,no,no,0
4730,no,3,no,no,no,0
4731,no,1,no,no,no,0
4732,no,4,no,no,no,0
4733,yes,1,yes,no,yes,1
4734,no,2,no,no,no,0
4735,no,1,no,no,no,0
4736,yes,1,no,no,no,0
4737,no,3,no,no,no,0
4738,yes,1,no,yes,no,1
4739,no,3,no,no,no,0
4740,yes,2,no,no,no,0
4741,yes,2,no,no,no,0
4742,no,2,no,no,no,0
4743,yes,1,yes,no,yes,1
4744,yes,2,yes,no,yes,1
4745,no,2,yes,yes,yes,1
4746,yes,2,yes,no,yes,1
4747,no,2,no,no,no,0
4748,no,2,no,no,no,0
4749,no,4,no,no,no,0
4750,yes,2,yes,no,yes,1
4751,no,2,no,no,no,0
4752,yes,1,yes,no,yes,1
4753,yes,2,no,yes,no,1
4755,no,4,no,no,no,0
4756,no,2,no,no,no,0
4757,no,1,yes,no,yes,1
4758,yes,1,yes,no,yes,1
4759,no,1,no,no,no,0
4760,no,1,no,no,no,0
4761,no,2,no,yes,no,1
4762,no,2,yes,no,yes,1
4763,no,2,no,no,no,0
4764,no,2,no,no,no,0
4765,no,4,no,no,no,0
4766,yes,2,no,yes,yes,1
4768,no,3,no,no,no,0
4769,no,2,no,no,no,0
4770,no,3,no,no,no,0
4771,no,1,no,no,no,0
4772,yes,1,no,yes,no,1
4773,no,2,no,yes,yes,1
4774,no,3,no,no,no,0
4775,no,3,no,no,no,0
4776,yes,2,no,yes,no,1
4778,no,2,yes,yes,yes,1
4779,yes,2,yes,yes,yes,1
4780,no,2,yes,yes,yes,1
4781,no,2,no,no,no,0
4782,no,1,no,no,yes,1
4783,no,2,no,yes,no,1
4784,no,4,no,no,no,0
4785,no,4,no,no,no,0
4786,no,1,no,no,no,0
4787,no,2,no,no,no,0
4788,yes,1,yes,no,yes,1
4789,no,2,no,no,no,0
4790,no,1,no,no,no,0
4791,no,3,no,no,no,0
4792,no,4,no,no,no,0
4793,no,2,yes,no,yes,1
4794,yes,2,no,no,no,0
4795,no,3,no,no,no,0
4796,no,2,no,no,no,0
4797,no,1,no,no,no,0
4798,yes,2,no,no,no,0
4799,no,1,no,no,no,0
4800,no,2,yes,yes,yes,1
4801,no,4,no,no,no,0
4802,no,3,no,no,no,0
4803,no,1,no,no,no,0
4804,no,2,no,yes,no,1
4805,no,3,no,no,no,0
4806,no,2,no,no,no,0
4807,yes,1,yes,no,yes,1
4808,no,2,no,no,no,0
4809,yes,2,no,yes,no,1
4810,yes,4,no,no,no,0
4811,no,2,no,no,yes,1
4812,yes,1,no,no,yes,1
4813,yes,1,no,yes,no,1
4814,yes,2,no,no,no,0
4815,no,3,no,no,no,0
4816,no,4,no,no,no,0
4817,no,2,no,no,yes,1
4818,no,4,no,no,no,0
4819,yes,2,no,no,no,0
4820,yes,2,yes,yes,yes,1
4821,yes,2,yes,no,yes,1
4822,yes,1,no,no,no,0
4823,yes,1,yes,no,yes,1
4824,no,4,no,yes,no,1
4825,yes,2,no,yes,no,1
4826,no,1,yes,no,yes,1
4827,no,2,no,yes,no,1
4828,no,2,no,yes,no,1
4829,no,3,no,yes,no,1
4830,yes,1,no,no,no,0
4831,yes,2,no,yes,no,1
4832,yes,2,no,yes,no,1
4833,no,3,no,yes,no,1
4834,no,4,no,yes,no,1
4835,no,2,no,no,no,0
4836,no,2,no,yes,no,1
4837,yes,2,no,no,no,0
4838,yes,1,no,no,no,0
4839,no,2,no,no,no,0
4840,no,1,no,no,no,0
4841,no,2,no,no,no,0
4842,no,2,no,no,no,0
4843,no,1,no,no,no,0
4844,yes,3,yes,no,yes,1
4845,no,2,no,no,no,0
4846,no,3,no,no,no,0
4847,no,1,yes,no,yes,1
4848,no,2,no,no,no,0
4849,no,1,no,yes,no,1
4850,no,4,no,no,no,0
4851,yes,2,no,yes,no,1
4852,yes,2,no,yes,no,1
4853,no,2,no,no,no,0
4854,no,1,no,no,no,0
4855,yes,1,yes,yes,yes,1
4856,no,1,no,no,no,0
4857,no,3,no,no,no,0
4858,no,4,no,no,no,0
4859,no,2,no,no,no,0
4860,no,1,no,no,no,0
4861,no,4,no,no,no,0
4862,yes,1,yes,no,yes,1
4863,no,4,no,no,no,0
4864,yes,2,no,no,no,0
4865,no,4,no,no,no,0
4866,no,3,no,yes,no,1
4867,no,2,no,no,no,0
4868,yes,1,yes,no,yes,1
4869,no,1,no,no,no,0
4870,no,3,no,no,no,0
4871,no,2,no,no,no,0
4872,no,1,no,no,no,0
4873,no,1,no,no,no,0
4874,no,2,no,no,yes,1
4875,no,2,no,yes,no,1
4876,no,3,no,yes,no,1
4877,yes,2,no,yes,no,1
4878,no,2,no,no,no,0
4879,yes,2,no,no,no,0
4880,no,3,no,yes,no,1
4881,no,1,no,yes,no,1
4882,no,3,no,no,no,0
4883,no,4,no,no,no,0
4884,yes,4,yes,yes,yes,1
4885,no,3,no,no,no,0
4886,yes,1,no,no,no,0
4887,yes,1,no,no,no,0
4888,no,4,no,yes,no,1
4889,no,3,no,no,no,0
4890,no,2,no,no,no,0
4891,yes,2,yes,yes,yes,1
4892,no,1,yes,no,no,1
4893,yes,1,yes,no,yes,1
4894,no,2,no,no,no,0
4895,no,2,no,no,yes,1
4896,no,2,no,no,no,0
4897,no,1,no,no,no,0
4898,yes,3,no,no,no,0
4899,yes,1,yes,yes,yes,1
4900,no,3,no,no,no,0
4901,no,1,yes,no,yes,1
4902,no,1,no,no,no,0
4903,yes,2,no,no,no,0
4904,no,4,no,no,no,0
4905,no,4,no,no,no,0
4906,no,2,no,no,no,0
4907,no,3,no,no,no,0
4908,yes,4,yes,no,yes,1
4909,no,2,no,no,no,0
4910,no,4,no,no,no,0
4911,yes,1,yes,no,yes,1
4913,no,1,no,yes,no,1
4914,yes,2,yes,no,yes,1
4915,no,2,no,no,no,0
4916,yes,1,yes,no,yes,1
4917,yes,1,yes,no,yes,1
4918,no,3,no,no,no,0
4919,no,1,no,no,no,0
4920,no,3,no,no,no,0
4922,no,2,yes,no,yes,1
4923,no,2,no,yes,yes,1
4924,no,2,no,no,no,0
4925,yes,1,no,yes,no,1
4926,no,3,no,no,no,0
4927,no,3,no,yes,yes,1
4928,no,3,no,no,no,0
4929,no,1,no,yes,no,1
4930,no,4,no,yes,no,1
4931,yes,1,yes,no,yes,1
4932,no,2,no,no,no,0
4933,no,1,no,no,no,0
4934,yes,2,no,no,no,0
4935,yes,1,yes,yes,yes,1
4936,no,3,no,no,no,0
4937,yes,1,no,no,no,0
4938,no,2,no,no,no,0
4939,no,2,no,no,no,0
4940,no,1,no,no,no,0
4941,no,1,no,no,no,0
4942,yes,2,no,no,yes,1
4943,yes,1,no,yes,no,1
4944,no,2,no,no,no,0
4945,no,4,no,no,no,0
4946,no,2,no,yes,no,1
4947,yes,2,no,no,no,0
4948,no,3,no,no,no,0
4949,no,3,no,no,no,0
4950,no,4,no,no,no,0
4951,no,2,no,yes,no,1
4952,no,2,no,no,no,0
4953,no,2,no,yes,no,1
4954,no,2,no,no,no,0
4955,no,3,no,no,no,0
4956,no,1,no,no,no,0
4957,no,4,no,no,no,0
4958,no,1,no,no,no,0
4959,no,1,no,no,no,0
4960,no,1,no,no,no,0
4961,yes,3,yes,no,yes,1
4962,no,1,no,no,no,0
4963,no,4,no,yes,no,1
4964,no,3,no,yes,no,1
4965,no,4,no,no,no,0
4966,no,3,no,no,no,0
4967,no,2,no,yes,no,1
4968,no,2,no,no,no,0
4969,yes,1,no,no,no,0
4970,no,1,no,yes,no,1
4971,no,3,no,no,no,0
4972,no,1,no,no,no,0
4973,no,3,no,no,no,0
4974,no,3,no,no,no,0
4975,no,2,no,no,yes,1
4976,no,4,no,no,no,0
4977,no,1,no,yes,no,1
4978,no,3,no,no,no,0
4979,no,1,no,yes,no,1
4980,no,3,no,no,no,0
4981,no,1,no,yes,no,1
4982,no,4,no,no,no,0
4983,yes,1,no,no,no,0
4984,no,1,no,yes,no,1
4985,no,2,no,no,no,0
4986,no,1,no,no,no,0
4987,no,1,no,no,no,0
4988,no,2,no,yes,no,1
4989,yes,1,yes,no,yes,1
4990,yes,2,no,no,yes,1
4991,no,1,no,no,no,0
4992,yes,1,yes,no,yes,1
4993,no,1,yes,no,yes,1
4994,no,3,no,no,no,0
4995,no,4,no,no,no,0
4996,no,2,no,no,no,0
4997,no,2,no,no,no,0
4998,yes,3,no,no,no,0
4999,no,2,no,no,no,0
5000,no,3,no,no,no,0
5001,yes,2,yes,no,yes,1
5002,yes,2,yes,no,no,1
5003,yes,2,yes,no,yes,1
5004,yes,2,yes,no,no,1
5006,yes,2,yes,no,no,1
